,idProject,nameProject,productionClass,testCase,isMysteryGuestManual,isMysteryGuestManual,prediction
0,5.0,wro4j,CacheKeyFactoryDecorator,ro.isdc.wro.cache.factory.testcachekeyfactorydecorator.cannotdecoratenullobject,False,False,False
1,5.0,wro4j,DefaultCacheKeyFactory,ro.isdc.wro.cache.factory.testdefaultcachekeyfactory.shouldcreatenullcachekeywhenrequestdoesnotgroupname,False,False,False
5,5.0,wro4j,DefaultSynchronizedCacheStrategyDecorator,ro.isdc.wro.cache.support.testdefaultsynchronizedcachestrategydecorator.shouldnotredundantlydecoratecachestrategy,False,False,False
11,5.0,wro4j,PropertiesAndFilterConfigWroConfigurationFactory,ro.isdc.wro.config.factory.testpropertiesandfilterconfigwroconfigurationfactory.shouldbuildconfigurationevenwhendefaultpropertiesfileisnotavailable,False,False,True
14,5.0,wro4j,PropertyWroConfigurationFactory,ro.isdc.wro.config.factory.testpropertywroconfigurationfactory.cannotacceptinvalidlong,False,False,False
16,5.0,wro4j,PropertyWroConfigurationFactory,ro.isdc.wro.config.factory.testpropertywroconfigurationfactory.invalidbooleanfallbackstofalse,False,False,False
17,5.0,wro4j,ServletContextPropertyWroConfigurationFactory,ro.isdc.wro.config.factory.testservletcontextpropertywroconfigurationfactory.shouldbuilddefaultconfigurationwhenconfigstreamisnull,False,False,False
18,5.0,wro4j,ServletContextPropertyWroConfigurationFactory,ro.isdc.wro.config.factory.testservletcontextpropertywroconfigurationfactory.shouldcreateconfigfromvalidlocationandoverrideaproperty,False,False,False
23,5.0,wro4j,WebjarsUriLocator,ro.isdc.wro.extensions.locator.testwebjarsurilocator.shouldfindvalidwebjar,True,True,False
25,5.0,wro4j,WebjarsUriLocator,ro.isdc.wro.extensions.locator.testwebjarsurilocator.shouldnotfailwhenthereisawebjarresourceoutsideofjar,True,True,False
27,5.0,wro4j,BaseWroManagerFactory,ro.isdc.wro.extensions.manager.factory.testbasewromanagerfactory.defaultmodelfactoryisxml,False,False,False
28,5.0,wro4j,BaseWroManagerFactory,ro.isdc.wro.extensions.manager.factory.testbasewromanagerfactory.shouldnotfailwhendestroyinguninitializedfactory,False,False,False
29,5.0,wro4j,GroovyModelFactory,ro.isdc.wro.extensions.model.factory.testgroovymodelfactory.createvalidmodel,True,True,False
31,5.0,wro4j,GroovyModelFactory,ro.isdc.wro.extensions.model.factory.testgroovymodelfactory.testrecursivegroupreference,True,True,False
32,5.0,wro4j,JsonModelFactory,ro.isdc.wro.extensions.model.factory.testjsonmodelfactory.createincompletemodel,True,True,False
33,5.0,wro4j,JsonModelFactory,ro.isdc.wro.extensions.model.factory.testjsonmodelfactory.testinvalidcontent,False,False,False
34,5.0,wro4j,SmartWroModelFactory,ro.isdc.wro.extensions.model.factory.testsmartwromodelfactory.nofactoryprovided,False,False,False
37,5.0,wro4j,AbstractNodeWithFallbackProcessor,ro.isdc.wro.extensions.processor.js.testabstractnodewithfallbackprocessor.shouldnotfailwhenprocessoriscreatedconcurrently,False,False,False
38,5.0,wro4j,NgAnnotateProcessor,ro.isdc.wro.extensions.processor.js.testngannotateprocessor.shouldprocessinvalidjsunchanged,False,False,False
39,5.0,wro4j,NgAnnotateProcessor,ro.isdc.wro.extensions.processor.js.testngannotateprocessor.testfromfolder,True,True,True
40,5.0,wro4j,NgMinProcessor,ro.isdc.wro.extensions.processor.js.testngminprocessor.shouldprocessinvalidjsunchanged,False,False,False
41,5.0,wro4j,NgMinProcessor,ro.isdc.wro.extensions.processor.js.testngminprocessor.testfromfolder,True,True,True
43,5.0,wro4j,CssLint,ro.isdc.wro.extensions.processor.support.csslint.testcsslint.shouldhavenoerrorwhennooptions,True,True,False
46,5.0,wro4j,JsHint,ro.isdc.wro.extensions.processor.support.linter.testjshint.emptystringshouldbevalid,False,False,False
47,5.0,wro4j,JsHint,ro.isdc.wro.extensions.processor.support.linter.testjshint.shouldvalidatewithmultipleoptions,False,False,False
48,5.0,wro4j,JsHint,ro.isdc.wro.extensions.processor.support.linter.testjshint.shouldvalidatewithnooptions,False,False,False
49,5.0,wro4j,JsHint,ro.isdc.wro.extensions.processor.support.linter.testjshint.testsetnulloptions,False,False,False
51,5.0,wro4j,OptionsBuilder,ro.isdc.wro.extensions.processor.support.linter.testoptionsbuilder.splitingemptyoption,False,False,False
54,5.0,wro4j,RubySassEngine,ro.isdc.wro.extensions.processor.support.sass.testrubysassengine.shouldprocessvalidcss,False,False,False
58,5.0,wro4j,BeautifyJsProcessor,ro.isdc.wro.extensions.processor.testbeautifyjsprocessor.shouldsupportcorrectresourcetypes,False,False,False
60,5.0,wro4j,CssLintProcessor,ro.isdc.wro.extensions.processor.testcsslintprocessor.shouldsupportcorrectresourcetypes,False,False,False
61,5.0,wro4j,CssLintProcessor,ro.isdc.wro.extensions.processor.testcsslintprocessor.testfromfolder,True,True,True
62,5.0,wro4j,EmberJsProcessor,ro.isdc.wro.extensions.processor.testemberjsprocessor.shouldsupportcorrectresourcetypes,False,False,False
63,5.0,wro4j,GoogleClosureCompressorProcessor,ro.isdc.wro.extensions.processor.testgoogleclosurecompressorprocessor.shouldacceptnullexterns,False,False,True
64,5.0,wro4j,GoogleClosureCompressorProcessor,ro.isdc.wro.extensions.processor.testgoogleclosurecompressorprocessor.shouldminimizewhenusedaslazyprocessor,False,False,False
66,5.0,wro4j,HoganJsProcessor,ro.isdc.wro.extensions.processor.testhoganjsprocessor.shouldbethreadsafe,False,False,False
68,5.0,wro4j,JsHintProcessor,ro.isdc.wro.extensions.processor.testjshintprocessor.cansetnulloptions,False,False,False
70,5.0,wro4j,Less4jProcessor,ro.isdc.wro.extensions.processor.testless4jprocessor.shouldbethreadsafe,False,False,False
71,5.0,wro4j,Less4jProcessor,ro.isdc.wro.extensions.processor.testless4jprocessor.shouldsupportcorrectresourcetypes,False,False,False
73,5.0,wro4j,NodeLiterateCoffeeScriptProcessor,ro.isdc.wro.extensions.processor.testnodeliteratecoffeescriptprocessor.shouldsupportcorrectresourcetypes,False,False,False
74,5.0,wro4j,NodeTypeScriptProcessor,ro.isdc.wro.extensions.processor.testnodetypescriptprocessor.shouldsupportcorrectresourcetypes,False,False,False
75,5.0,wro4j,NodeTypeScriptProcessor,ro.isdc.wro.extensions.processor.testnodetypescriptprocessor.testfromfolder,True,True,True
80,5.0,wro4j,PathPatternProcessorDecorator,ro.isdc.wro.extensions.processor.testpathpatternprocessordecorator.shouldapplypatternswhenexcludenotmatches,False,False,False
81,5.0,wro4j,PathPatternProcessorDecorator,ro.isdc.wro.extensions.processor.testpathpatternprocessordecorator.shouldnotapplypatternswhenincludematches,False,False,False
83,5.0,wro4j,RhinoLessCssProcessor,ro.isdc.wro.extensions.processor.testrhinolesscssprocessor.shouldsupportcorrectresourcetypes,False,False,False
84,5.0,wro4j,RhinoLiterateCoffeeScriptProcessor,ro.isdc.wro.extensions.processor.testrhinoliteratecoffeescriptprocessor.shouldsupportcorrectresourcetypes,False,False,False
87,5.0,wro4j,RubySassCssProcessor,ro.isdc.wro.extensions.processor.testrubysasscssprocessor.shouldbethreadsafe,False,False,False
89,5.0,wro4j,UglifyJsProcessor,ro.isdc.wro.extensions.processor.testuglifyjsprocessor.shouldsupportcorrectresourcetypes,False,False,False
92,5.0,wro4j,YUICssCompressorProcessor,ro.isdc.wro.extensions.processor.testyuicsscompressorprocessor.shouldsupportcorrectresourcetypes,False,False,False
96,5.0,wro4j,DefaultConfigurableProvider,ro.isdc.wro.extensions.support.spi.testdefaultconfigurableprovider.shouldhavepostprocessors,False,False,False
97,5.0,wro4j,DefaultProcessorProvider,ro.isdc.wro.extensions.support.testdefaultprocessorprovider.shouldprovidegoogleclosurewhitespace,False,False,False
99,5.0,wro4j,DefaultRequestHandlerProvider,ro.isdc.wro.http.handler.spi.testdefaultrequesthandlerprovider.shouldnotfailwheneachhandlerisinvoked,False,False,False
101,5.0,wro4j,ReloadCacheRequestHandler,ro.isdc.wro.http.handler.testreloadcacherequesthandler.shouldhandlerequest,False,False,False
103,5.0,wro4j,ResourceProxyRequestHandler,ro.isdc.wro.http.handler.testresourceproxyrequesthandler.shouldalwaysbeenabled,False,False,False
105,5.0,wro4j,ResourceWatcherRequestHandler,ro.isdc.wro.http.handler.testresourcewatcherrequesthandler.shouldnotacceptrequest,False,False,False
107,5.0,wro4j,ContentTypeResolver,ro.isdc.wro.http.support.testcontenttyperesolver.shouldonlyuselastdot,False,False,False
109,5.0,wro4j,ContentTypeResolver,ro.isdc.wro.http.support.testcontenttyperesolver.shouldresolvehtmluppercaseextenstion,False,False,False
110,5.0,wro4j,ContentTypeResolver,ro.isdc.wro.http.support.testcontenttyperesolver.shouldresolvejsextenstion,False,False,False
114,5.0,wro4j,ResponseHeadersConfigurer,ro.isdc.wro.http.support.testresponseheadersconfigurer.shouldhavenoconfiguredheaderswhendefaultheadersarenotset,False,False,False
116,5.0,wro4j,ServletContextAttributeHelper,ro.isdc.wro.http.support.testservletcontextattributehelper.cannotsetobjectfornullattribute,False,False,False
118,5.0,wro4j,ServletContextAttributeHelper,ro.isdc.wro.http.support.testservletcontextattributehelper.shouldloadwromanagerfactoryfromservletcontextattribute,False,False,False
120,5.0,wro4j,ConfigurableWroFilter,ro.isdc.wro.http.testconfigurablewrofilter.shoulduseconfiguredmbeannamewhenset,False,False,False
122,5.0,wro4j,ConfigurableWroFilter,ro.isdc.wro.http.testconfigurablewrofilter.testfilterwithpropertiesset,False,False,False
124,5.0,wro4j,WroFilter,ro.isdc.wro.http.testwrofilter.shouldnotacceptnullrequesthandlers,False,False,False
126,5.0,wro4j,WroFilter,ro.isdc.wro.http.testwrofilter.testdisablecacheinitparamindeploymentmode,False,False,False
127,5.0,wro4j,WroFilter,ro.isdc.wro.http.testwrofilter.testdofilterindeploymentmode,False,False,False
128,5.0,wro4j,WroFilter,ro.isdc.wro.http.testwrofilter.testinvalidgroupnameexceptionthrownindeploymentmode,False,False,False
129,5.0,wro4j,WroFilter,ro.isdc.wro.http.testwrofilter.testinvalidheaderparamisset,False,False,False
130,5.0,wro4j,WroFilter,ro.isdc.wro.http.testwrofilter.testreloadcachecall,False,False,False
131,5.0,wro4j,WroFilter,ro.isdc.wro.http.testwrofilter.testvalidheaderparamisset,False,False,False
135,5.0,wro4j,BaseWroManagerFactory,ro.isdc.wro.manager.factory.testbasewromanagerfactory.defaultmodelfactoryisxml,False,False,False
140,5.0,wro4j,ConfigurableWroManagerFactory,ro.isdc.wro.manager.factory.testconfigurablewromanagerfactory.cannotconfigureinvalidrequesthandler,False,False,False
141,5.0,wro4j,ConfigurableWroManagerFactory,ro.isdc.wro.manager.factory.testconfigurablewromanagerfactory.cannotuseinvalidpreprocessorsset,False,False,False
143,5.0,wro4j,ConfigurableWroManagerFactory,ro.isdc.wro.manager.factory.testconfigurablewromanagerfactory.shouldhavenolocatorswhennolocatorsinitparamset,False,False,False
148,5.0,wro4j,DefaultWroManagerFactory,ro.isdc.wro.manager.factory.testdefaultwromanagerfactory.cannotacceptnullproperty,False,False,False
151,5.0,wro4j,DefaultWroManagerFactory,ro.isdc.wro.manager.factory.testdefaultwromanagerfactory.shouldcreateoverridenmanagerfactorywhenmanagerclasspropertyismissing,False,False,False
153,5.0,wro4j,DefaultWroManagerFactory,ro.isdc.wro.manager.factory.testdefaultwromanagerfactory.shouldusevalidmodelisprovidedwhenusingconfigurablewromanagerfactory,False,False,False
155,5.0,wro4j,ReloadModelRunnable,ro.isdc.wro.manager.runnable.testreloadmodelrunnable.cannotacceptnullargument,False,False,False
156,5.0,wro4j,ReloadModelRunnable,ro.isdc.wro.manager.runnable.testreloadmodelrunnable.shoulddestroymodelwheninvokingrun,False,False,False
157,5.0,wro4j,WroManager,ro.isdc.wro.manager.testwromanager.shouldclearauthorizationmanagerwhenmodelperiodchanged,False,False,False
161,5.0,wro4j,WroManager,ro.isdc.wro.manager.testwromanager.shouldregistercallback,False,False,False
162,5.0,wro4j,WroManager,ro.isdc.wro.manager.testwromanager.testaggregatedcomputedfolder2,False,False,False
164,5.0,wro4j,WroManager,ro.isdc.wro.manager.testwromanager.testfromfolder,True,True,True
168,5.0,wro4j,ConfigurableWroManagerFactory,ro.isdc.wro.maven.plugin.factory.testconfigurablewromanagerfactory.shouldusecorrectdefaultmodelfactory,False,False,False
171,5.0,wro4j,AggregatedFolderPathResolver,ro.isdc.wro.maven.plugin.support.testaggregatedfolderpathresolver.shouldbenullwhendestinationfolderisunrelatedtobuilddirectory,True,True,True
172,5.0,wro4j,AggregatedFolderPathResolver,ro.isdc.wro.maven.plugin.support.testaggregatedfolderpathresolver.shouldresolveemptypathwhendestinationfolderisthesameasbuilddirectory,False,False,False
173,5.0,wro4j,BuildContextHolder,ro.isdc.wro.maven.plugin.support.testbuildcontextholder.initvictimwithbuildcontext,False,False,False
177,5.0,wro4j,ResourceChangeHandler,ro.isdc.wro.maven.plugin.support.testresourcechangehandler.shouldconsiderinvalidresourceasunchanged,False,False,False
179,5.0,wro4j,CssLintMojo,ro.isdc.wro.maven.plugin.testcsslintmojo.shouldanalyzeinvalidresources,False,False,False
182,5.0,wro4j,CssLintMojo,ro.isdc.wro.maven.plugin.testcsslintmojo.shouldgeneratexmlreportfilewithdefaultformat,True,True,True
183,5.0,wro4j,CssLintMojo,ro.isdc.wro.maven.plugin.testcsslintmojo.shouldnotfailwhenthresholdisgreaterthannumberoferrors,True,True,False
185,5.0,wro4j,JsHintMojo,ro.isdc.wro.maven.plugin.testjshintmojo.cannotgeneratereportwithinvalidformat,False,False,False
186,5.0,wro4j,JsHintMojo,ro.isdc.wro.maven.plugin.testjshintmojo.executeresourceswitherrors,False,False,False
187,5.0,wro4j,JsHintMojo,ro.isdc.wro.maven.plugin.testjshintmojo.shouldgeneratereportwithdefaultformat,True,True,True
188,5.0,wro4j,JsHintMojo,ro.isdc.wro.maven.plugin.testjshintmojo.shouldreportonlyfirsterrorwhenfailfastistrue,False,False,False
196,5.0,wro4j,Wro4jMojo,ro.isdc.wro.maven.plugin.testwro4jmojo.shoulddetectincrementalchange,False,False,False
199,5.0,wro4j,Wro4jMojo,ro.isdc.wro.maven.plugin.testwro4jmojo.shouldusemultiplecontextfolders,False,False,False
200,5.0,wro4j,Wro4jMojo,ro.isdc.wro.maven.plugin.testwro4jmojo.testmojowithcustommanagerfactorywithinvalidresourceandignoremissingresources,True,True,False
202,5.0,wro4j,Wro4jMojo,ro.isdc.wro.maven.plugin.testwro4jmojo.testonlycssdestinationfolderset,False,False,False
203,5.0,wro4j,DefaultWroModelFactoryDecorator,ro.isdc.wro.model.factory.testdefaultwromodelfactorydecorator.shoulddecoratecachestrategy,False,False,False
204,5.0,wro4j,ModelTransformerFactory,ro.isdc.wro.model.factory.testmodeltransformerfactory.shouldchangethemodelwhentransformersprovided,False,False,False
206,5.0,wro4j,XmlModelFactory,ro.isdc.wro.model.factory.testxmlmodelfactory.recursivegroupthrowsexception,True,True,False
208,5.0,wro4j,XmlModelFactory,ro.isdc.wro.model.factory.testxmlmodelfactory.shoulddetectinvalidgroupreference,True,True,False
209,5.0,wro4j,XmlModelFactory,ro.isdc.wro.model.factory.testxmlmodelfactory.testdeeprecursiveimports,True,True,False
211,5.0,wro4j,XmlModelFactory,ro.isdc.wro.model.factory.testxmlmodelfactory.testtwoconcurrentcreationcalls,True,True,False
216,5.0,wro4j,InjectorBuilder,ro.isdc.wro.model.group.processor.testinjectorbuilder.cannotacceptwhensettingnullwromanager,False,False,False
217,5.0,wro4j,InjectorBuilder,ro.isdc.wro.model.group.processor.testinjectorbuilder.shouldbuildvalidinjectorwithbasewromanagerfactory,False,False,False
218,5.0,wro4j,InjectorBuilder,ro.isdc.wro.model.group.processor.testinjectorbuilder.shouldbuildvalidinjectorwithfewfieldsset,False,False,False
219,5.0,wro4j,InjectorBuilder,ro.isdc.wro.model.group.processor.testinjectorbuilder.shouldinjecteachlocatorprovidedbylocatorfactory,False,False,False
222,5.0,wro4j,DefaultGroupExtractor,ro.isdc.wro.model.group.testdefaultgroupextractor.testminimizedwithfalseparamindeploymentmode,False,False,False
224,5.0,wro4j,Group,ro.isdc.wro.model.group.testgroup.shouldreplacearesourcewithsameresource,False,False,False
225,5.0,wro4j,Group,ro.isdc.wro.model.group.testgroup.testnoresorucesoftypefound,False,False,False
228,5.0,wro4j,ConfigurableLocatorFactory,ro.isdc.wro.model.resource.locator.factory.testconfigurablelocatorfactory.shouldoverrideavailablelocator,False,False,False
229,5.0,wro4j,ConfigurableLocatorFactory,ro.isdc.wro.model.resource.locator.factory.testconfigurablelocatorfactory.shouldusedefaultlocatorwhennoneisconfigured,False,False,False
232,5.0,wro4j,DispatcherStreamLocator,ro.isdc.wro.model.resource.locator.support.testdispatcherstreamlocator.cannotlocateinvalidlocation,False,False,False
235,5.0,wro4j,ClasspathUriLocator,ro.isdc.wro.model.resource.locator.testclasspathurilocator.resourceunavailable,True,True,False
236,5.0,wro4j,ClasspathUriLocator,ro.isdc.wro.model.resource.locator.testclasspathurilocator.testwildcard1resources,True,True,False
237,5.0,wro4j,ServletContextUriLocator,ro.isdc.wro.model.resource.locator.testservletcontexturilocator.shouldfindwildcardresourcesforfoldercontainingspaces,True,True,False
238,5.0,wro4j,ServletContextUriLocator,ro.isdc.wro.model.resource.locator.testservletcontexturilocator.testwildcard2resources,True,True,False
239,5.0,wro4j,StandaloneServletContextUriLocator,ro.isdc.wro.model.resource.locator.teststandaloneservletcontexturilocator.shouldfailwhenstandalonecontextisnotinitialized,False,False,False
240,5.0,wro4j,StandaloneServletContextUriLocator,ro.isdc.wro.model.resource.locator.teststandaloneservletcontexturilocator.shouldlocatevalidresourcewhenmultiplecontextfoldersprovided,False,False,False
242,5.0,wro4j,UrlUriLocator,ro.isdc.wro.model.resource.locator.testurlurilocator.shouldlocatewildcard3resources,True,True,False
243,5.0,wro4j,UrlUriLocator,ro.isdc.wro.model.resource.locator.testurlurilocator.testwildcardusinginvalidresource,True,True,False
246,5.0,wro4j,DefaultWildcardStreamLocator,ro.isdc.wro.model.resource.locator.wildcard.testdefaultwildcardstreamlocator.testwildcardpresent1,False,False,False
247,5.0,wro4j,DefaultWildcardStreamLocator,ro.isdc.wro.model.resource.locator.wildcard.testdefaultwildcardstreamlocator.testwildcardpresent3,False,False,False
248,5.0,wro4j,JarWildcardStreamLocator,ro.isdc.wro.model.resource.locator.wildcard.testjarwildcardstreamlocator.shouldfindallchildfoldersandfiles,True,True,True
256,5.0,wro4j,ImportAwareProcessorDecorator,ro.isdc.wro.model.resource.processor.decorator.testimportawareprocessordecorator.initvictim,False,False,False
260,5.0,wro4j,MinimizeAwareProcessorDecorator,ro.isdc.wro.model.resource.processor.decorator.testminimizeawareprocessordecorator.cannotacceptobjectwhichisnotprocessor,False,False,False
261,5.0,wro4j,MinimizeAwareProcessorDecorator,ro.isdc.wro.model.resource.processor.decorator.testminimizeawareprocessordecorator.shouldinvokepreprocessor,False,False,False
262,5.0,wro4j,MinimizeAwareProcessorDecorator,ro.isdc.wro.model.resource.processor.decorator.testminimizeawareprocessordecorator.shouldleavecontentunchangedwhenprocessorisskipped,False,False,False
263,5.0,wro4j,ProcessorDecorator,ro.isdc.wro.model.resource.processor.decorator.testprocessordecorator.shouldchangeminimizaflagwheninternalmethodisoverriden,False,False,False
264,5.0,wro4j,ProcessorDecorator,ro.isdc.wro.model.resource.processor.decorator.testprocessordecorator.shouldcomputeeligibilityforprocessorwithjstype,False,False,False
266,5.0,wro4j,ProcessorDecorator,ro.isdc.wro.model.resource.processor.decorator.testprocessordecorator.shoulddecoratepostprocessor,False,False,False
267,5.0,wro4j,SupportAwareProcessorDecorator,ro.isdc.wro.model.resource.processor.decorator.testsupportawareprocessordecorator.cannotdecoratenullprocessor,False,False,False
269,5.0,wro4j,ConfigurableProcessorsFactory,ro.isdc.wro.model.resource.processor.factory.testconfigurableprocessorsfactory.testgetvalidpreprocessorset,False,False,False
270,5.0,wro4j,CssImportInspector,ro.isdc.wro.model.resource.processor.support.testcssimportinspector.shouldremoveimports,True,True,False
272,5.0,wro4j,DataUriGenerator,ro.isdc.wro.model.resource.processor.support.testdataurigenerator.shouldgeneratecorrectdatauriforcsswithcharset,True,True,False
275,5.0,wro4j,ImageUrlRewriter,ro.isdc.wro.model.resource.processor.support.testimageurlrewriter.checkrelativewithdotsimageurlinclasspathcssresource,False,False,False
278,5.0,wro4j,ConsoleStripperProcessor,ro.isdc.wro.model.resource.processor.testconsolestripperprocessor.testfromfolder,True,True,True
279,5.0,wro4j,CssImportPreProcessor,ro.isdc.wro.model.resource.processor.testcssimportpreprocessor.shouldcorrectlydetectimportwithdoublequotes,False,False,False
282,5.0,wro4j,CssMinProcessor,ro.isdc.wro.model.resource.processor.testcssminprocessor.shouldhandlewrongcss,True,True,True
284,5.0,wro4j,CssUrlRewritingProcessor,ro.isdc.wro.model.resource.processor.testcssurlrewritingprocessor.processservletcontextresourcetype,False,False,False
285,5.0,wro4j,CssUrlRewritingProcessor,ro.isdc.wro.model.resource.processor.testcssurlrewritingprocessor.processurlresourcetype,False,False,False
286,5.0,wro4j,CssUrlRewritingProcessor,ro.isdc.wro.model.resource.processor.testcssurlrewritingprocessor.processwebinfservletcontextresourcetype,False,False,False
287,5.0,wro4j,CssVariablesProcessor,ro.isdc.wro.model.resource.processor.testcssvariablesprocessor.shouldsupportcorrectresourcetypes,False,False,False
288,5.0,wro4j,FallbackCssDataUriProcessor,ro.isdc.wro.model.resource.processor.testfallbackcssdatauriprocessor.shouldsupportonlycssresources,False,False,False
289,5.0,wro4j,JSMinProcessor,ro.isdc.wro.model.resource.processor.testjsminprocessor.shouldnotremovespacebetweenplussigns,False,False,False
290,5.0,wro4j,JSMinProcessor,ro.isdc.wro.model.resource.processor.testjsminprocessor.shouldremovebyteordermark,False,False,False
291,5.0,wro4j,LessCssImportPreProcessor,ro.isdc.wro.model.resource.processor.testlesscssimportpreprocessor.shouldsupportcorrectresourcetypes,False,False,False
293,5.0,wro4j,MultiLineCommentStripperProcessor,ro.isdc.wro.model.resource.processor.testmultilinecommentstripperprocessor.shouldsupportcorrectresourcetypes,False,False,False
295,5.0,wro4j,PlaceholderProcessor,ro.isdc.wro.model.resource.processor.testplaceholderprocessor.testprocessor,True,True,True
297,5.0,wro4j,SingleLineCommentStripperProcessor,ro.isdc.wro.model.resource.processor.testsinglelinecommentstripperprocessor.shouldsupportcorrectresourcetypes,False,False,False
299,5.0,wro4j,ResourceChangeDetector,ro.isdc.wro.model.resource.support.change.testresourcechangedetector.cannotcheckinvaliduriforchange,False,False,False
300,5.0,wro4j,ResourceChangeInfo,ro.isdc.wro.model.resource.support.change.testresourcechangeinfo.cannotifcheckrequiredfornullgroup,False,False,False
302,5.0,wro4j,ResourceChangeInfo,ro.isdc.wro.model.resource.support.change.testresourcechangeinfo.shoulddetectchangebydefault,False,False,False
304,5.0,wro4j,ResourceWatcher,ro.isdc.wro.model.resource.support.change.testresourcewatcher.cannotchecknullcacheentry,False,False,False
308,5.0,wro4j,ConfigurableHashStrategy,ro.isdc.wro.model.resource.support.hash.testconfigurablehashstrategy.shouldhashwithconfiguredstrategy,False,False,True
310,5.0,wro4j,HashStrategy,ro.isdc.wro.model.resource.support.hash.testhashstrategy.testsha1,False,False,False
311,5.0,wro4j,ConfigurableNamingStrategy,ro.isdc.wro.model.resource.support.naming.testconfigurablenamingstrategy.shouldusenoopnamingstrategybydefault,False,False,False
312,5.0,wro4j,ConfigurableNamingStrategy,ro.isdc.wro.model.resource.support.naming.testconfigurablenamingstrategy.shouldusenoopstrategyforvalidalias,False,False,False
317,5.0,wro4j,NamingStrategy,ro.isdc.wro.model.resource.support.naming.testnamingstrategy.cannotacceptnulloriginalname,False,False,False
321,5.0,wro4j,DefaultResourceAuthorizationManager,ro.isdc.wro.model.resource.support.testdefaultresourceauthorizationmanager.shoudlignorequerypathwhenresourcecheckedforauthorization,False,False,False
322,5.0,wro4j,DefaultResourceAuthorizationManager,ro.isdc.wro.model.resource.support.testdefaultresourceauthorizationmanager.shouldauthorizeaddedresource,False,False,False
325,5.0,wro4j,Resource,ro.isdc.wro.model.resource.testresource.shouldnotacceptnullresourcetype,False,False,False
330,5.0,wro4j,WroModel,ro.isdc.wro.model.testwromodel.shouldnotreturnduplicatedresources,False,False,False
332,5.0,wro4j,WroModelInspector,ro.isdc.wro.model.testwromodelinspector.testgetgroupnames,False,False,False
333,5.0,wro4j,WroRuntimeException,ro.isdc.wro.testwroruntimeexception.shouldpreserveoriginalexceptionmessagewhenwrap,False,False,False
335,5.0,wro4j,ProviderFinder,ro.isdc.wro.util.provider.testproviderfinder.shouldfindnamingstrategyproviders,False,False,False
337,5.0,wro4j,ProxyFactory,ro.isdc.wro.util.testproxyfactory.shouldinheritinterfacesoftheobject,False,False,False
339,5.0,wro4j,StringUtils,ro.isdc.wro.util.teststringutils.shouldcleanpathcontainingmultipledoubledots,False,False,False
340,5.0,wro4j,WroUtil,ro.isdc.wro.util.testwroutil.computepathfromlocationwithdifferentcontextroot,False,False,False
342,5.0,wro4j,WroUtil,ro.isdc.wro.util.testwroutil.computeservletpathfromlocation,False,False,False
2,5.0,wro4j,DefaultCacheKeyFactory,ro.isdc.wro.cache.factory.testdefaultcachekeyfactory.shouldcreatevalidcachekeywhenrequestcontainsallrequiredinfo,False,False,False
3,5.0,wro4j,DefaultSynchronizedCacheStrategyDecorator,ro.isdc.wro.cache.support.testdefaultsynchronizedcachestrategydecorator.shoulddecoratecachestrategy,False,False,False
4,5.0,wro4j,DefaultSynchronizedCacheStrategyDecorator,ro.isdc.wro.cache.support.testdefaultsynchronizedcachestrategydecorator.shoulddestroyschedulerwhenstrategyisdestroyed,False,False,False
6,5.0,wro4j,CacheKey,ro.isdc.wro.cache.testcachekey.shoulddifferwhencontainingdifferentattributes,False,False,False
7,5.0,wro4j,CacheValue,ro.isdc.wro.cache.testcachevalue.bydefaultcachegzippedcontentshouldbedisabled,False,False,False
8,5.0,wro4j,FilterConfigWroConfigurationFactory,ro.isdc.wro.config.factory.testfilterconfigwroconfigurationfactory.testconfigurationtypebackwardcompatibility,False,False,False
9,5.0,wro4j,FilterConfigWroConfigurationFactory,ro.isdc.wro.config.factory.testfilterconfigwroconfigurationfactory.testconfigurecacheupdateperiod,False,False,False
10,5.0,wro4j,FilterConfigWroConfigurationFactory,ro.isdc.wro.config.factory.testfilterconfigwroconfigurationfactory.testconfiguredebug,False,False,False
12,5.0,wro4j,PropertiesAndFilterConfigWroConfigurationFactory,ro.isdc.wro.config.factory.testpropertiesandfilterconfigwroconfigurationfactory.testconfigurecacheupdateperiodwithpropertiesfileset,False,False,True
13,5.0,wro4j,PropertiesAndFilterConfigWroConfigurationFactory,ro.isdc.wro.config.factory.testpropertiesandfilterconfigwroconfigurationfactory.testconfiguredebugwithpropertiesfileset,False,False,True
15,5.0,wro4j,PropertyWroConfigurationFactory,ro.isdc.wro.config.factory.testpropertywroconfigurationfactory.createdefaultconfig,False,False,False
19,5.0,wro4j,DefaultMetaDataFactory,ro.isdc.wro.config.metadata.testdefaultmetadatafactory.shouldcreateemptymapbydefault,False,False,False
20,5.0,wro4j,ContextPropagatingCallable,ro.isdc.wro.config.support.testcontextpropagatingcallable.shouldfailwhennocontextisavailable,False,False,False
21,5.0,wro4j,ModelAsJsonRequestHandler,ro.isdc.wro.extensions.http.handler.testmodelasjsonrequesthandler.shouldnotacceptrequestswithwronguri,False,False,False
22,5.0,wro4j,WebjarsUriLocator,ro.isdc.wro.extensions.locator.testwebjarsurilocator.cannotcreatevalidurifromnullargument,False,False,False
24,5.0,wro4j,WebjarsUriLocator,ro.isdc.wro.extensions.locator.testwebjarsurilocator.shouldlocatewebjarresourcecontainingquestionmarkinuri,True,True,False
26,5.0,wro4j,WebjarUriLocator,ro.isdc.wro.extensions.locator.testwebjarurilocator.shouldcreatevaliduri,False,False,False
30,5.0,wro4j,GroovyModelFactory,ro.isdc.wro.extensions.model.factory.testgroovymodelfactory.createvalidmodelcontaininghiphen,True,True,False
35,5.0,wro4j,LessCssProcessor,ro.isdc.wro.extensions.processor.css.testlesscssprocessor.shouldsupportcorrectresourcetypes,False,False,False
36,5.0,wro4j,LessCssProcessor,ro.isdc.wro.extensions.processor.css.testlesscssprocessor.shouldusefallbackprocessorwhennodenotsupported,False,False,False
42,5.0,wro4j,CssLint,ro.isdc.wro.extensions.processor.support.csslint.testcsslint.processsamplecontentwithmanyoptions,True,True,True
44,5.0,wro4j,CssLint,ro.isdc.wro.extensions.processor.support.csslint.testcsslint.testregexselectors,False,False,False
45,5.0,wro4j,CssLint,ro.isdc.wro.extensions.processor.support.csslint.testcsslint.testwithseveraloptions,False,False,False
50,5.0,wro4j,JsLint,ro.isdc.wro.extensions.processor.support.linter.testjslint.testvalidscript,False,False,False
52,5.0,wro4j,OptionsBuilder,ro.isdc.wro.extensions.processor.support.linter.testoptionsbuilder.splitingoneoption,False,False,False
53,5.0,wro4j,OptionsBuilder,ro.isdc.wro.extensions.processor.support.linter.testoptionsbuilder.splitoptionswithhiphen,False,False,False
55,5.0,wro4j,RubySassEngine,ro.isdc.wro.extensions.processor.support.sass.testrubysassengine.shouldprocessvalidnonasciisass,False,False,False
56,5.0,wro4j,RubySassEngine,ro.isdc.wro.extensions.processor.support.sass.testrubysassengine.shouldreturnemptystringwhenemptycontentisprocessed,False,False,False
57,5.0,wro4j,ObjectPoolHelper,ro.isdc.wro.extensions.processor.support.testobjectpoolhelper.cannotacceptnullargument,False,False,False
59,5.0,wro4j,CJsonProcessor,ro.isdc.wro.extensions.processor.testcjsonprocessor.shouldbethreadsafe,False,False,False
65,5.0,wro4j,GoogleClosureCompressorProcessor,ro.isdc.wro.extensions.processor.testgoogleclosurecompressorprocessor.testadvancedoptimization,True,True,True
67,5.0,wro4j,HoganJsProcessor,ro.isdc.wro.extensions.processor.testhoganjsprocessor.shouldsupportcorrectresourcetypes,False,False,False
69,5.0,wro4j,JsonHPackProcessor,ro.isdc.wro.extensions.processor.testjsonhpackprocessor.testpackfromfolder,True,True,True
72,5.0,wro4j,NodeCoffeeScriptProcessor,ro.isdc.wro.extensions.processor.testnodecoffeescriptprocessor.shouldbethreadsafe,False,False,False
76,5.0,wro4j,PackerJsProcessor,ro.isdc.wro.extensions.processor.testpackerjsprocessor.testfromfolder,True,True,True
77,5.0,wro4j,PathPatternProcessorDecorator,ro.isdc.wro.extensions.processor.testpathpatternprocessordecorator.cannotexclusdenullpatterns,False,False,False
78,5.0,wro4j,PathPatternProcessorDecorator,ro.isdc.wro.extensions.processor.testpathpatternprocessordecorator.cannotincludenullprocessor,False,False,False
79,5.0,wro4j,PathPatternProcessorDecorator,ro.isdc.wro.extensions.processor.testpathpatternprocessordecorator.cannotprocesswithincludewhenresourceisunknown,False,False,False
82,5.0,wro4j,RhinoLessCssProcessor,ro.isdc.wro.extensions.processor.testrhinolesscssprocessor.shouldbethreadsafe,False,False,False
85,5.0,wro4j,RhinoTypeScriptProcessor,ro.isdc.wro.extensions.processor.testrhinotypescriptprocessor.shouldsupportcorrectresourcetypes,False,False,False
86,5.0,wro4j,RubySassCssProcessor,ro.isdc.wro.extensions.processor.testrubysasscssprocessor.executemultipletimesdoesntthrowoutofmemoryexception,False,False,False
88,5.0,wro4j,RubySassCssProcessor,ro.isdc.wro.extensions.processor.testrubysasscssprocessor.shouldbethreadsafewheninitializingprocessor,False,False,False
90,5.0,wro4j,UglifyJsProcessor,ro.isdc.wro.extensions.processor.testuglifyjsprocessor.shoulduglifyfiles,True,True,True
91,5.0,wro4j,YUICssCompressorProcessor,ro.isdc.wro.extensions.processor.testyuicsscompressorprocessor.shouldmininimizecss,True,True,True
93,5.0,wro4j,ReportXmlFormatter,ro.isdc.wro.extensions.support.lint.testreportxmlformatter.cannotcreatebuilderwithnulltype,False,False,False
94,5.0,wro4j,ResourceLintReport,ro.isdc.wro.extensions.support.lint.testresourcelintreport.shouldhaveconfiguredlints,False,False,False
95,5.0,wro4j,ResourceLintReport,ro.isdc.wro.extensions.support.lint.testresourcelintreport.shouldhaveunknownpathwhennullpathisset,False,False,False
98,5.0,wro4j,ConfigurableRequestHandlerFactory,ro.isdc.wro.http.handler.factory.testconfigurablerequesthandlerfactory.shouldreturnemptylistbydefault,False,False,False
100,5.0,wro4j,LazyRequestHandlerDecorator,ro.isdc.wro.http.handler.testlazyrequesthandlerdecorator.cannotdecoratenullinitializer,False,False,False
102,5.0,wro4j,ResourceProxyRequestHandler,ro.isdc.wro.http.handler.testresourceproxyrequesthandler.cannotacceptnullrequesturitocreateproxypath,False,False,False
104,5.0,wro4j,ResourceProxyRequestHandler,ro.isdc.wro.http.handler.testresourceproxyrequesthandler.shouldsetresponselength,True,True,False
106,5.0,wro4j,ResourceWatcherRequestHandler,ro.isdc.wro.http.handler.testresourcewatcherrequesthandler.shouldnotacceptrequestthatisnotdispatchedbyserver,False,False,False
108,5.0,wro4j,ContentTypeResolver,ro.isdc.wro.http.support.testcontenttyperesolver.shouldresolvefontextensionttf,False,False,False
111,5.0,wro4j,ContentTypeResolver,ro.isdc.wro.http.support.testcontenttyperesolver.shouldresolveunknownextenstion,False,False,False
112,5.0,wro4j,RedirectedStreamServletResponseWrapper,ro.isdc.wro.http.support.testredirectedstreamservletresponsewrapper.cannotacceptnullstream,False,False,False
113,5.0,wro4j,RedirectedStreamServletResponseWrapper,ro.isdc.wro.http.support.testredirectedstreamservletresponsewrapper.shouldredirectstreamwhensendredirectisinvoked,False,False,False
115,5.0,wro4j,ServletContextAttributeHelper,ro.isdc.wro.http.support.testservletcontextattributehelper.cannotacceptemptynameargument,False,False,False
117,5.0,wro4j,ServletContextAttributeHelper,ro.isdc.wro.http.support.testservletcontextattributehelper.cannotusenullfilterconfig,False,False,False
119,5.0,wro4j,ConfigurableWroFilter,ro.isdc.wro.http.testconfigurablewrofilter.cannotacceptinvalidprocessornameconfiguration,False,False,False
121,5.0,wro4j,ConfigurableWroFilter,ro.isdc.wro.http.testconfigurablewrofilter.shouldusedefaultencodingwhennoencodingisset,False,False,False
123,5.0,wro4j,WroFilter,ro.isdc.wro.http.testwrofilter.shouldchainwhenfilterisnotenabled,False,False,False
125,5.0,wro4j,WroFilter,ro.isdc.wro.http.testwrofilter.shoulduseprocessorsconfiguredinwroproperties,False,False,False
132,5.0,wro4j,WroServletContextListener,ro.isdc.wro.http.testwroservletcontextlistener.shouldnotfailwhencontextinitializedanddestroyed,False,False,False
133,5.0,wro4j,LifecycleCallbackRegistry,ro.isdc.wro.manager.callback.testlifecyclecallbackregistry.shouldinvokeregisteredcallbacks,True,True,False
134,5.0,wro4j,DefaultStandaloneContextAwareManagerFactory,ro.isdc.wro.manager.factory.standalone.testdefaultstandalonecontextawaremanagerfactory.cannotinitializewithnullcontext,False,False,False
136,5.0,wro4j,BaseWroManagerFactory,ro.isdc.wro.manager.factory.testbasewromanagerfactory.shouldbethreadsafe,False,False,False
137,5.0,wro4j,BaseWroManagerFactory,ro.isdc.wro.manager.factory.testbasewromanagerfactory.shouldcreatemanager,False,False,False
138,5.0,wro4j,BaseWroManagerFactory,ro.isdc.wro.manager.factory.testbasewromanagerfactory.shouldnotfailwhenreloadingmodeloutsideofcontext,False,False,False
139,5.0,wro4j,ConfigurableWroManagerFactory,ro.isdc.wro.manager.factory.testconfigurablewromanagerfactory.cannotconfigureinvalidnamingstrategy,False,False,False
142,5.0,wro4j,ConfigurableWroManagerFactory,ro.isdc.wro.manager.factory.testconfigurablewromanagerfactory.cannotuseinvalidurilocatorsset,False,False,False
144,5.0,wro4j,ConfigurableWroManagerFactory,ro.isdc.wro.manager.factory.testconfigurablewromanagerfactory.shoulduseextensionawareprocessorwhenprocessornamecontainsdotcharacter,False,False,False
145,5.0,wro4j,ConfigurableWroManagerFactory,ro.isdc.wro.manager.factory.testconfigurablewromanagerfactory.testconfigpropertieswithvalidpostprocessor,False,False,False
146,5.0,wro4j,ConfigurableWroManagerFactory,ro.isdc.wro.manager.factory.testconfigurablewromanagerfactory.testwithemptypreprocessors,False,False,False
147,5.0,wro4j,DefaultWroManagerFactory,ro.isdc.wro.manager.factory.testdefaultwromanagerfactory.cannotacceptnullconfiguration,False,False,False
149,5.0,wro4j,DefaultWroManagerFactory,ro.isdc.wro.manager.factory.testdefaultwromanagerfactory.shouldcreateconfigurablemanagerfactorybydefault,False,False,False
150,5.0,wro4j,DefaultWroManagerFactory,ro.isdc.wro.manager.factory.testdefaultwromanagerfactory.shouldcreatemanagerfactory,False,False,False
152,5.0,wro4j,DefaultWroManagerFactory,ro.isdc.wro.manager.factory.testdefaultwromanagerfactory.shouldfailwheninvalidmodelisprovidedwhenusingconfigurablewromanagerfactory,False,False,False
154,5.0,wro4j,ReloadCacheRunnable,ro.isdc.wro.manager.runnable.testreloadcacherunnable.cannotacceptnullargument,False,False,False
158,5.0,wro4j,WroManager,ro.isdc.wro.manager.testwromanager.shoulddestroydestroyableprocessorwhenmanagerisdestroyed,False,False,False
159,5.0,wro4j,WroManager,ro.isdc.wro.manager.testwromanager.shouldnotignoreinvalidimportwhenimportedresourceismissing,True,True,False
160,5.0,wro4j,WroManager,ro.isdc.wro.manager.testwromanager.shouldnotprocessgroupwithnoresources,False,False,False
163,5.0,wro4j,WroManager,ro.isdc.wro.manager.testwromanager.testduplicatedresourcesshouldbeskipped,True,True,False
165,5.0,wro4j,WroManager,ro.isdc.wro.manager.testwromanager.testminimizeattributeistrueonresource,True,True,False
166,5.0,wro4j,AbstractLinterMojo,ro.isdc.wro.maven.plugin.abstracttestlintermojo.shouldusetaskexecutorwhenrunninginparallel,False,False,False
167,5.0,wro4j,ConfigurableWroManagerFactory,ro.isdc.wro.maven.plugin.factory.testconfigurablewromanagerfactory.shoulduseconfiguredmodelfactory,False,False,False
169,5.0,wro4j,ConfigurableWroManagerFactory,ro.isdc.wro.maven.plugin.factory.testconfigurablewromanagerfactory.testwhenvalidpreprocessorsset,False,False,False
170,5.0,wro4j,ConfigurableWroManagerFactory,ro.isdc.wro.maven.plugin.factory.testconfigurablewromanagerfactory.testwithemptypostprocessors,False,False,False
174,5.0,wro4j,BuildContextHolder,ro.isdc.wro.maven.plugin.support.testbuildcontextholder.shouldnotstorevalueassociatedwithnullkey,False,False,False
175,5.0,wro4j,ProgressIndicator,ro.isdc.wro.maven.plugin.support.testprogressindicator.cannotaddzeroerrors,False,False,False
176,5.0,wro4j,ProgressIndicator,ro.isdc.wro.maven.plugin.support.testprogressindicator.shouldcomputecorrecttotalresources,False,False,False
178,5.0,wro4j,CssLintMojo,ro.isdc.wro.maven.plugin.testcsslintmojo.cannotexecutewheninvalidresourcespresentanddonotignoremissingresources,False,False,False
180,5.0,wro4j,CssLintMojo,ro.isdc.wro.maven.plugin.testcsslintmojo.shouldanalyzevalidresources,False,False,False
181,5.0,wro4j,CssLintMojo,ro.isdc.wro.maven.plugin.testcsslintmojo.shouldgeneratexmlreportfilewithcheckstyleformat,True,True,True
184,5.0,wro4j,CssLintMojo,ro.isdc.wro.maven.plugin.testcsslintmojo.testerrorswithnofailfast,False,False,False
189,5.0,wro4j,JsHintMojo,ro.isdc.wro.maven.plugin.testjshintmojo.usepredefoptions,False,False,False
190,5.0,wro4j,JsLintMojo,ro.isdc.wro.maven.plugin.testjslintmojo.cannotgeneratereportwithinvalidformat,False,False,False
191,5.0,wro4j,JsLintMojo,ro.isdc.wro.maven.plugin.testjslintmojo.shouldgeneratereportwithdefaultformat,True,True,True
192,5.0,wro4j,JsLintMojo,ro.isdc.wro.maven.plugin.testjslintmojo.testemptyoptions,False,False,False
193,5.0,wro4j,Wro4jMojo,ro.isdc.wro.maven.plugin.testwro4jmojo.configuremojoformodelwithimportedcssresource,False,False,False
194,5.0,wro4j,Wro4jMojo,ro.isdc.wro.maven.plugin.testwro4jmojo.setwrowithinvalidresources,True,True,True
195,5.0,wro4j,Wro4jMojo,ro.isdc.wro.maven.plugin.testwro4jmojo.setwrowithvalidresources,True,True,True
197,5.0,wro4j,Wro4jMojo,ro.isdc.wro.maven.plugin.testwro4jmojo.shouldrefreshparentfolderwhenbuildcontextset,False,False,False
198,5.0,wro4j,Wro4jMojo,ro.isdc.wro.maven.plugin.testwro4jmojo.shouldreusegroupnamemappingfilewithincrementalbuild,False,False,False
201,5.0,wro4j,Wro4jMojo,ro.isdc.wro.maven.plugin.testwro4jmojo.testnodestinationfolderset,False,False,False
205,5.0,wro4j,XmlModelFactory,ro.isdc.wro.model.factory.testxmlmodelfactory.cannotcreatefromxmlwithinvalidnamespace,True,True,False
207,5.0,wro4j,XmlModelFactory,ro.isdc.wro.model.factory.testxmlmodelfactory.shoulddetectgroupreferencefromimportedmodel,True,True,False
210,5.0,wro4j,XmlModelFactory,ro.isdc.wro.model.factory.testxmlmodelfactory.testinvalidimports,True,True,False
212,5.0,wro4j,GroupsProcessor,ro.isdc.wro.model.group.processor.testgroupsprocessor.shouldreturnemptystringwhengrouphasnoresources,False,False,False
213,5.0,wro4j,Injector,ro.isdc.wro.model.group.processor.testinjector.caninjectoutsideofcontext,False,False,False
214,5.0,wro4j,Injector,ro.isdc.wro.model.group.processor.testinjector.cannotinjectunsupportedinnerobject,False,False,False
215,5.0,wro4j,Injector,ro.isdc.wro.model.group.processor.testinjector.shouldnotinjectunsupportedandinitializedtypes,False,False,False
220,5.0,wro4j,PreProcessorExecutor,ro.isdc.wro.model.group.processor.testpreprocessorexecutor.processemptylist,False,False,False
221,5.0,wro4j,DefaultGroupExtractor,ro.isdc.wro.model.group.testdefaultgroupextractor.testminimizedwithfalseparam,False,False,False
223,5.0,wro4j,DefaultGroupExtractor,ro.isdc.wro.model.group.testdefaultgroupextractor.testminimizedwithtrueparam,False,False,False
226,5.0,wro4j,UriLocatorFactory,ro.isdc.wro.model.resource.factory.testurilocatorfactory.testvaliduri,False,False,False
227,5.0,wro4j,ConfigurableLocatorFactory,ro.isdc.wro.model.resource.locator.factory.testconfigurablelocatorfactory.shouldnotfailwhenasingleproviderfails,False,False,False
230,5.0,wro4j,DefaultUriLocatorFactory,ro.isdc.wro.model.resource.locator.factory.testdefaulturilocatorfactory.shouldhaveseveraldefaultlocators,False,False,False
231,5.0,wro4j,DispatcherStreamLocator,ro.isdc.wro.model.resource.locator.support.testdispatcherstreamlocator.cannotchecknullrequestasincluded,False,False,False
233,5.0,wro4j,DispatcherStreamLocator,ro.isdc.wro.model.resource.locator.support.testdispatcherstreamlocator.shouldreturnsresourceincludedbydispatcher,False,False,False
234,5.0,wro4j,DispatcherStreamLocator,ro.isdc.wro.model.resource.locator.support.testdispatcherstreamlocator.testdispatchincludehasnovalidresource,False,False,False
241,5.0,wro4j,UrlUriLocator,ro.isdc.wro.model.resource.locator.testurlurilocator.cannotlocatemalformedurl,False,False,False
244,5.0,wro4j,DefaultWildcardStreamLocator,ro.isdc.wro.model.resource.locator.wildcard.testdefaultwildcardstreamlocator.testnowildcardpresent2,False,False,False
245,5.0,wro4j,DefaultWildcardStreamLocator,ro.isdc.wro.model.resource.locator.wildcard.testdefaultwildcardstreamlocator.testwildcardlocator,True,True,True
249,5.0,wro4j,JarWildcardStreamLocator,ro.isdc.wro.model.resource.locator.wildcard.testjarwildcardstreamlocator.shouldgetjarfilefromfile,True,True,True
250,5.0,wro4j,JarWildcardStreamLocator,ro.isdc.wro.model.resource.locator.wildcard.testjarwildcardstreamlocator.testlocatejarstreamdelegate,True,True,True
251,5.0,wro4j,CopyrightKeeperProcessorDecorator,ro.isdc.wro.model.resource.processor.decorator.testcopyrightkeeperprocessordecorator.testcopyrightstripperprocessor,True,True,True
252,5.0,wro4j,DefaultProcessorDecorator,ro.isdc.wro.model.resource.processor.decorator.testdefaultprocessordecorator.cannotdecoratenullprocessor,False,False,False
253,5.0,wro4j,ExceptionHandlingProcessorDecorator,ro.isdc.wro.model.resource.processor.decorator.testexceptionhandlingprocessordecorator.shouldthrowruntimeexceptionwhenprocessingfails,False,False,False
254,5.0,wro4j,ExtensionsAwareProcessorDecorator,ro.isdc.wro.model.resource.processor.decorator.testextensionsawareprocessordecorator.testminimizeawaredecorator2,False,False,False
255,5.0,wro4j,ImportAwareProcessorDecorator,ro.isdc.wro.model.resource.processor.decorator.testimportawareprocessordecorator.cannotacceptobjectwhichisnotprocessor,False,False,False
257,5.0,wro4j,ImportAwareProcessorDecorator,ro.isdc.wro.model.resource.processor.decorator.testimportawareprocessordecorator.shouldinvokeimportawareprocessor,False,False,False
258,5.0,wro4j,ImportAwareProcessorDecorator,ro.isdc.wro.model.resource.processor.decorator.testimportawareprocessordecorator.shouldleavecontentunchangedwhenprocessorisskipped,False,False,False
259,5.0,wro4j,LazyProcessorDecorator,ro.isdc.wro.model.resource.processor.decorator.testlazyprocessordecorator.shouldinvokelazyprocessor,False,False,False
265,5.0,wro4j,ProcessorDecorator,ro.isdc.wro.model.resource.processor.decorator.testprocessordecorator.shouldcreatehelperwithpreprocessor,False,False,False
268,5.0,wro4j,SupportAwareProcessorDecorator,ro.isdc.wro.model.resource.processor.decorator.testsupportawareprocessordecorator.shouldthrowexceptionwhenprocessorisnotsupported,False,False,False
271,5.0,wro4j,CssUrlInspector,ro.isdc.wro.model.resource.processor.support.testcssurlinspector.compareresultsfromfolderusingprocessor,True,True,True
273,5.0,wro4j,DataUriGenerator,ro.isdc.wro.model.resource.processor.support.testdataurigenerator.shouldgeneratecorrectdatauriforpng,True,True,False
274,5.0,wro4j,ImageUrlRewriter,ro.isdc.wro.model.resource.processor.support.testimageurlrewriter.checkcontextrelativeurlinclasspathcssresource,False,False,False
276,5.0,wro4j,LessCssImportInspector,ro.isdc.wro.model.resource.processor.support.testlesscssimportinspector.createcssimportinspector,False,False,False
277,5.0,wro4j,ConformColorsCssProcessor,ro.isdc.wro.model.resource.processor.testconformcolorscssprocessor.testfromfolder,True,True,True
280,5.0,wro4j,CssImportPreProcessor,ro.isdc.wro.model.resource.processor.testcssimportpreprocessor.shouldfailwheninvalidresourceisfound,False,False,False
281,5.0,wro4j,CssImportPreProcessor,ro.isdc.wro.model.resource.processor.testcssimportpreprocessor.shouldnotcomplainaboutrecursiveimportwhenrunningconcurrently,False,False,False
283,5.0,wro4j,CssUrlRewritingProcessor,ro.isdc.wro.model.resource.processor.testcssurlrewritingprocessor.createmockresource,False,False,False
292,5.0,wro4j,LessCssImportPreProcessor,ro.isdc.wro.model.resource.processor.testlesscssimportpreprocessor.testfromfolder,True,True,False
294,5.0,wro4j,MultiLineCommentStripperProcessor,ro.isdc.wro.model.resource.processor.testmultilinecommentstripperprocessor.testfromfolder,True,True,True
296,5.0,wro4j,SemicolonAppenderPreProcessor,ro.isdc.wro.model.resource.processor.testsemicolonappenderpreprocessor.testfromfolder,True,True,True
298,5.0,wro4j,VariablizeColorsCssProcessor,ro.isdc.wro.model.resource.processor.testvariablizecolorscssprocessor.testfromfolder,True,True,True
301,5.0,wro4j,ResourceChangeInfo,ro.isdc.wro.model.resource.support.change.testresourcechangeinfo.cannotupdatehashfornullgroup,False,False,False
303,5.0,wro4j,ResourceChangeInfo,ro.isdc.wro.model.resource.support.change.testresourcechangeinfo.shouldrequirechangebydefault,False,False,False
305,5.0,wro4j,ResourceWatcher,ro.isdc.wro.model.resource.support.change.testresourcewatcher.shoulddetectresourcechange,False,False,False
306,5.0,wro4j,ResourceWatcher,ro.isdc.wro.model.resource.support.change.testresourcewatcher.shouldremovekeyfromcachestrategywhenchangedetected,False,False,False
307,5.0,wro4j,ConfigurableHashStrategy,ro.isdc.wro.model.resource.support.hash.testconfigurablehashstrategy.cannotconfigureinvalidalias,False,False,False
309,5.0,wro4j,ConfigurableHashStrategy,ro.isdc.wro.model.resource.support.hash.testconfigurablehashstrategy.shouldusecrc32strategyforvalidalias,False,False,False
313,5.0,wro4j,DefaultHashEncoderNamingStrategy,ro.isdc.wro.model.resource.support.naming.testdefaulthashencodernamingstrategy.cannotacceptnullstream,False,False,False
314,5.0,wro4j,DefaultHashEncoderNamingStrategy,ro.isdc.wro.model.resource.support.naming.testdefaulthashencodernamingstrategy.shouldrenameresourcecontainedinafolder,False,False,False
315,5.0,wro4j,DefaultHashEncoderNamingStrategy,ro.isdc.wro.model.resource.support.naming.testdefaulthashencodernamingstrategy.shouldrenameresourcewithsomecontent,False,False,True
316,5.0,wro4j,FolderHashEncoderNamingStrategy,ro.isdc.wro.model.resource.support.naming.testfolderhashencodernamingstrategy.shouldrenameresourcewithemptycontent,False,False,False
318,5.0,wro4j,NamingStrategy,ro.isdc.wro.model.resource.support.naming.testnamingstrategy.cannotacceptnullstream,False,False,False
319,5.0,wro4j,NamingStrategy,ro.isdc.wro.model.resource.support.naming.testnamingstrategy.testwithextension,False,False,False
320,5.0,wro4j,TimestampNamingStrategy,ro.isdc.wro.model.resource.support.naming.testtimestampnamingstrategy.testnoextension,False,False,False
323,5.0,wro4j,Resource,ro.isdc.wro.model.resource.testresource.shouldallowsettingresourcetypeanduri,False,False,False
324,5.0,wro4j,Resource,ro.isdc.wro.model.resource.testresource.shouldcreateresource,False,False,False
326,5.0,wro4j,Resource,ro.isdc.wro.model.resource.testresource.shouldsetminimizeflag,False,False,False
327,5.0,wro4j,WroModel,ro.isdc.wro.model.testwromodel.cannotsetnullgroups,False,False,False
328,5.0,wro4j,WroModel,ro.isdc.wro.model.testwromodel.shouldhavecorrectnumberofgrops,False,False,False
329,5.0,wro4j,WroModel,ro.isdc.wro.model.testwromodel.shouldmergenotemptymodel,False,False,False
331,5.0,wro4j,WroModel,ro.isdc.wro.model.testwromodel.testgetexistinggroup,False,False,False
334,5.0,wro4j,TaskExecutor,ro.isdc.wro.util.concurrent.testtaskexecutor.cannotsubmitnullcallables,False,False,False
336,5.0,wro4j,ProviderFinder,ro.isdc.wro.util.provider.testproviderfinder.shouldnotfindproviderwhennoneisavailable,False,False,False
338,5.0,wro4j,SchedulerHelper,ro.isdc.wro.util.testschedulerhelper.schedulewithsameperiods,False,False,False
341,5.0,wro4j,WroUtil,ro.isdc.wro.util.testwroutil.computepathfromsomelocation,False,False,False
