4318,35,hbase,ReplicationAdmin,org.apache.hadoop.hbase.client.replication.testreplicationadmin.testremovepeertablecfs,False,False
4322,35,hbase,AsyncAggregationClient,org.apache.hadoop.hbase.client.testasyncaggregationclient.testmedianwithweight,False,False
4329,35,hbase,AsyncProcess,org.apache.hadoop.hbase.client.testasyncprocess.testreadandwritetimeout,False,False
4331,35,hbase,AsyncProcess,org.apache.hadoop.hbase.client.testasyncprocess.testreplicapartialreplicacall,False,False
4335,35,hbase,AsyncProcess,org.apache.hadoop.hbase.client.testasyncprocess.testsubmittrue,False,False
4339,35,hbase,AsyncTable,org.apache.hadoop.hbase.client.testasynctable.testcheckanddelete,False,False
4344,35,hbase,Attributes,org.apache.hadoop.hbase.client.testattributes.testdeleteid,False,False
4351,35,hbase,ColumnFamilyDescriptorBuilder,org.apache.hadoop.hbase.client.testcolumnfamilydescriptorbuilder.testclassmethodsarebuilderstyle,False,False
4359,35,hbase,Increment,org.apache.hadoop.hbase.client.testincrement.testincrementinstance,False,False
4367,35,hbase,Scan,org.apache.hadoop.hbase.client.testscan.testsetstartrowandsetstoprow,False,False
4381,35,hbase,Constraint,org.apache.hadoop.hbase.constraint.testconstraint.testisunloaded,False,False
4382,35,hbase,Constraints,org.apache.hadoop.hbase.constraint.testconstraints.testconfigurationpreserved,False,False
4393,35,hbase,BitComparator,org.apache.hadoop.hbase.filter.testbitcomparator.testoroperation,False,False
4403,35,hbase,Filter,org.apache.hadoop.hbase.filter.testfilter.testqualifierfilter,False,False
4406,35,hbase,FilterList,org.apache.hadoop.hbase.filter.testfilterlist.testconstruction,False,False
4427,35,hbase,MultiRowRangeFilter,org.apache.hadoop.hbase.filter.testmultirowrangefilter.testmultirowrangefilterwithemptystartrow,False,False
4428,35,hbase,MultiRowRangeFilter,org.apache.hadoop.hbase.filter.testmultirowrangefilter.testmultirowrangefilterwithinclusive,False,False
4437,35,hbase,ParseFilter,org.apache.hadoop.hbase.filter.testparsefilter.testqualifierfilter,False,False
4455,35,hbase,Encryption,org.apache.hadoop.hbase.io.crypto.testencryption.testoddsizedblocks,False,False
4484,35,hbase,HalfStoreFileReader,org.apache.hadoop.hbase.io.testhalfstorefilereader.testhalfscanandreseek,True,True
4485,35,hbase,HeapSize,org.apache.hadoop.hbase.io.testheapsize.testnativesizes,False,False
4486,35,hbase,ImmutableBytesWritable,org.apache.hadoop.hbase.io.testimmutablebyteswritable.testspecificcompare,False,False
4495,35,hbase,NettyRpcServer,org.apache.hadoop.hbase.ipc.testnettyrpcserver.testnettyrpcserver,False,False
4496,35,hbase,SimpleRpcScheduler,org.apache.hadoop.hbase.ipc.testsimplerpcscheduler.testrpcscheduler,False,False
4499,35,hbase,GroupingTableMap,org.apache.hadoop.hbase.mapred.testgroupingtablemap.shouldreturnnullfromcreategroupkey,False,False
4507,35,hbase,CellCounter,org.apache.hadoop.hbase.mapreduce.testcellcounter.testcellcounterwithoutoutputdir,False,False
4524,35,hbase,RowCounter,org.apache.hadoop.hbase.mapreduce.testrowcounter.testrowcounterhiddencolumn,False,False
4526,35,hbase,RowCounter,org.apache.hadoop.hbase.mapreduce.testrowcounter.testrowcounterrowsinglerangeupperbound,False,False
4541,35,hbase,SplitTableRegionProcedure,org.apache.hadoop.hbase.master.assignment.testsplittableregionprocedure.testinvalidsplitkey,False,False
4542,35,hbase,SplitTableRegionProcedure,org.apache.hadoop.hbase.master.assignment.testsplittableregionprocedure.testrecoveryanddoubleexecution,False,False
4547,35,hbase,BaseLoadBalancer,org.apache.hadoop.hbase.master.balancer.testbaseloadbalancer.testregionavailabilitywithregionmoves,False,False
4556,35,hbase,HFileCleaner,org.apache.hadoop.hbase.master.cleaner.testhfilecleaner.testonconfigurationchange,True,True
4569,35,hbase,SimpleRegionNormalizer,org.apache.hadoop.hbase.master.normalizer.testsimpleregionnormalizer.testsplitwithtargetregionsize,False,False
4576,35,hbase,DisableTableProcedure,org.apache.hadoop.hbase.master.procedure.testdisabletableprocedure.testdisabletable,False,False
4585,35,hbase,MasterProcedureScheduler,org.apache.hadoop.hbase.master.procedure.testmasterprocedurescheduler.testyieldwithsharedlockheld,False,False
4590,35,hbase,ServerCrashProcedure,org.apache.hadoop.hbase.master.procedure.testservercrashprocedure.testcrashtargetrs,False,False
4595,35,hbase,SnapshotHFileCleaner,org.apache.hadoop.hbase.master.snapshot.testsnapshothfilecleaner.testcorruptedregionmanifest,True,True
4599,35,hbase,ClusterStatusPublisher,org.apache.hadoop.hbase.master.testclusterstatuspublisher.testempty,False,False
4602,35,hbase,HMasterCommandLine,org.apache.hadoop.hbase.master.testhmastercommandline.testrun,False,False
4618,35,hbase,MobCompactor,org.apache.hadoop.hbase.mob.compactions.testmobcompactor.testmajorcompactionfromadmin,True,True
4620,35,hbase,PartitionedMobCompactionRequest,org.apache.hadoop.hbase.mob.compactions.testpartitionedmobcompactionrequest.testcompactedpartition,True,True
4632,35,hbase,TaskMonitor,org.apache.hadoop.hbase.monitoring.testtaskmonitor.testtasksgetabortedonleak,False,False
4637,35,hbase,SingleByteBuff,org.apache.hadoop.hbase.nio.testsinglebytebuff.testpositionalreads,False,False
4650,35,hbase,WALProcedureStore,org.apache.hadoop.hbase.procedure2.store.wal.testwalprocedurestore.testwalcleanerupdates,True,True
4665,35,hbase,NoWritesCompactionsViolationPolicyEnforcement,org.apache.hadoop.hbase.quotas.policies.testnowritescompactionsviolationpolicyenforcement.testcheckput,False,False
4681,35,hbase,MasterQuotasObserver,org.apache.hadoop.hbase.quotas.testmasterquotasobserver.testnamespacespacequotaremoved,False,False
4694,35,hbase,SnapshotQuotaObserverChore,org.apache.hadoop.hbase.quotas.testsnapshotquotaobserverchore.testsnapshotsize,False,False
4703,35,hbase,ScanWildcardColumnTracker,org.apache.hadoop.hbase.regionserver.querymatcher.testscanwildcardcolumntracker.disabledtestcheckcolumnwrongorder,False,False
4726,35,hbase,HeapMemoryManager,org.apache.hadoop.hbase.regionserver.testheapmemorymanager.testplugginginheapmemorytuner,False,False
4728,35,hbase,HMobStore,org.apache.hadoop.hbase.regionserver.testhmobstore.testgetfrommemstore,False,False
4732,35,hbase,HRegion,org.apache.hadoop.hbase.regionserver.testhregion.testatomicbatchput,True,True
4737,35,hbase,HRegion,org.apache.hadoop.hbase.regionserver.testhregion.testcheckandmutatetimestampsaremonotonic,False,False
4746,35,hbase,HRegion,org.apache.hadoop.hbase.regionserver.testhregion.testgetscanner_withnofamilies,False,False
4771,35,hbase,HStoreFile,org.apache.hadoop.hbase.regionserver.testhstorefile.testseqidcomparator,True,True
4785,35,hbase,RegionInfoBuilder,org.apache.hadoop.hbase.regionserver.testregioninfobuilder.testregionnameforregionreplicas,False,False
4799,35,hbase,StripeStoreFileManager,org.apache.hadoop.hbase.regionserver.teststripestorefilemanager.testcompactionandflushconflict,True,True
4846,35,hbase,AccessController,org.apache.hadoop.hbase.security.access.testaccesscontroller.testgetprocedures,True,True
4852,35,hbase,AccessController,org.apache.hadoop.hbase.security.access.testaccesscontroller.testsetsplitormergeenabled,True,True
4875,35,hbase,ExportSnapshot,org.apache.hadoop.hbase.snapshot.testexportsnapshot.testexportfilesystemstatewithskiptmp,True,True
4876,35,hbase,ExportSnapshot,org.apache.hadoop.hbase.snapshot.testexportsnapshot.testexportretry,True,True
4885,35,hbase,ChoreService,org.apache.hadoop.hbase.testchoreservice.testforcetrigger,False,False
4891,35,hbase,CompoundConfiguration,org.apache.hadoop.hbase.testcompoundconfiguration.testwithconfig,False,False
4913,35,hbase,MetaTableAccessor,org.apache.hadoop.hbase.testmetatableaccessor.testretrying,False,False
4920,35,hbase,ServerMetrics,org.apache.hadoop.hbase.testservermetrics.testregionloadwraparoundaggregation,False,False
4937,35,hbase,LoadIncrementalHFiles,org.apache.hadoop.hbase.tool.testloadincrementalhfiles.testinferboundaries,True,True
4956,35,hbase,ByteBufferArray,org.apache.hadoop.hbase.util.testbytebufferarray.testbytebuffercreation1,False,False
4975,35,hbase,Bytes,org.apache.hadoop.hbase.util.testbytes.testtolong,False,False
4991,35,hbase,FSTableDescriptors,org.apache.hadoop.hbase.util.testfstabledescriptors.testtableinfofilestatuscomparator,True,True
5020,35,hbase,WALFactory,org.apache.hadoop.hbase.wal.testwalfactory.testwalcoprocessorloaded,False,False
5023,35,hbase,HQuorumPeer,org.apache.hadoop.hbase.zookeeper.testhquorumpeer.testshouldassigndefaultzookeeperclientport,False,False
5027,35,hbase,ZKMainServer,org.apache.hadoop.hbase.zookeeper.testzkmainserver.testhostportparse,False,False
4312,35,hbase,BackupSystemTable,org.apache.hadoop.hbase.backup.testbackupsystemtable.testbackupdelete,False,False
4333,35,hbase,AsyncProcess,org.apache.hadoop.hbase.client.testasyncprocess.testsubmitlargerequest,False,False
4336,35,hbase,AsyncSingleRequestRpcRetryingCaller,org.apache.hadoop.hbase.client.testasyncsinglerequestrpcretryingcaller.testlocateerror,False,False
4356,35,hbase,ConnectionImplementation,org.apache.hadoop.hbase.client.testconnectionimplementation.testconnectionmanagement,False,False
4360,35,hbase,MetaCache,org.apache.hadoop.hbase.client.testmetacache.testpreservemetacacheonexception,False,False
4366,35,hbase,Scan,org.apache.hadoop.hbase.client.testscan.testgettoscan,False,False
4370,35,hbase,TableDescriptorBuilder,org.apache.hadoop.hbase.client.testtabledescriptorbuilder.testaddcoprocessortwice,False,False
4384,35,hbase,MasterObserver,org.apache.hadoop.hbase.coprocessor.testmasterobserver.testsnapshotoperations,False,False
4396,35,hbase,ColumnPaginationFilter,org.apache.hadoop.hbase.filter.testcolumnpaginationfilter.testserialization,False,False
4408,35,hbase,FilterList,org.apache.hadoop.hbase.filter.testfilterlist.testmpall,False,False
4418,35,hbase,FuzzyRowFilter,org.apache.hadoop.hbase.filter.testfuzzyrowfilter.testsatisfiesnounsafeforward,False,False
4431,35,hbase,NullComparator,org.apache.hadoop.hbase.filter.testnullcomparator.testemptyvalue,False,False
4439,35,hbase,ParseFilter,org.apache.hadoop.hbase.filter.testparsefilter.testsinglecolumnvalueexcludefilter,False,False
4442,35,hbase,PrefixFilter,org.apache.hadoop.hbase.filter.testprefixfilter.testprefixonrowinsidewhilematchrow,False,False
4446,35,hbase,JMXJsonServlet,org.apache.hadoop.hbase.http.jmx.testjmxjsonservlet.testquery,False,False
4459,35,hbase,BucketCache,org.apache.hadoop.hbase.io.hfile.bucket.testbucketcache.testinvalidacceptfactorconfig,False,False
4462,35,hbase,BucketCache,org.apache.hadoop.hbase.io.hfile.bucket.testbucketcache.testretrievefromfile,True,True
4482,35,hbase,FileLink,org.apache.hadoop.hbase.io.testfilelink.testhdfslinkreadduringrename,True,True
4500,35,hbase,RowCounter,org.apache.hadoop.hbase.mapred.testrowcounter.shouldcreateandrunsubmittablejob,False,False
4501,35,hbase,TableInputFormat,org.apache.hadoop.hbase.mapred.testtableinputformat.testextensionoftableinputformatbase,False,False
4503,35,hbase,TableInputFormat,org.apache.hadoop.hbase.mapred.testtableinputformat.testtablerecordreaderscannertimeout,False,False
4517,35,hbase,ImportTsv,org.apache.hadoop.hbase.mapreduce.testimporttsv.testdrymodewithoutbulkoutputandtableexists,False,False
4519,35,hbase,MultithreadedTableMapper,org.apache.hadoop.hbase.mapreduce.testmultithreadedtablemapper.testmultithreadedtablemapper,False,False
4525,35,hbase,RowCounter,org.apache.hadoop.hbase.mapreduce.testrowcounter.testrowcounterrowmultirangeupperbound,False,False
4535,35,hbase,TableSnapshotInputFormat,org.apache.hadoop.hbase.mapreduce.testtablesnapshotinputformat.testwithmockedmapreduce,False,False
4544,35,hbase,BaseLoadBalancer,org.apache.hadoop.hbase.master.balancer.testbaseloadbalancer.testclusterregionlocations,False,False
4554,35,hbase,CleanerChore,org.apache.hadoop.hbase.master.cleaner.testcleanerchore.testminimumnumberofthreads,True,True
4565,35,hbase,LockProcedure,org.apache.hadoop.hbase.master.locking.testlockprocedure.testupdateheartbeatandunlockfortable,False,False
4586,35,hbase,ModifyNamespaceProcedure,org.apache.hadoop.hbase.master.procedure.testmodifynamespaceprocedure.testmodifynamespacewithinvalidtablecount,False,False
4588,35,hbase,ModifyTableProcedure,org.apache.hadoop.hbase.master.procedure.testmodifytableprocedure.testrollbackanddoubleexecutionoffline,False,False
4596,35,hbase,ActiveMasterManager,org.apache.hadoop.hbase.master.testactivemastermanager.testactivemastermanagerfromzk,False,False
4628,35,hbase,MobFile,org.apache.hadoop.hbase.mob.testmobfile.testreadkeyvalue,True,True
4629,35,hbase,MobFileName,org.apache.hadoop.hbase.mob.testmobfilename.testcreate,True,True
4635,35,hbase,MultiByteBuff,org.apache.hadoop.hbase.nio.testmultibytebuff.testarraybasedmethods,False,False
4638,35,hbase,ProcedureCoordinator,org.apache.hadoop.hbase.procedure.testprocedurecoordinator.testsinglecohortorchestration,False,False
4641,35,hbase,ProcedureStoreTracker,org.apache.hadoop.hbase.procedure2.store.testprocedurestoretracker.testload,False,False
4644,35,hbase,WALProcedureStore,org.apache.hadoop.hbase.procedure2.store.wal.testwalprocedurestore.testcorruptedentries,True,True
4659,35,hbase,DisableTableViolationPolicyEnforcement,org.apache.hadoop.hbase.quotas.policies.testdisabletableviolationpolicyenforcement.testcheckincrement,False,False
4692,35,hbase,SnapshotQuotaObserverChore,org.apache.hadoop.hbase.quotas.testsnapshotquotaobserverchore.testbucketingfilestosnapshots,False,False
4693,35,hbase,SnapshotQuotaObserverChore,org.apache.hadoop.hbase.quotas.testsnapshotquotaobserverchore.testsnapshotsfromnamespaces,False,False
4713,35,hbase,DateTieredCompactionPolicy,org.apache.hadoop.hbase.regionserver.testdatetieredcompactionpolicy.notincomingwindow,False,False
4731,35,hbase,HRegion,org.apache.hadoop.hbase.regionserver.testhregion.testappendwithreadonlytable,False,False
4745,35,hbase,HRegion,org.apache.hadoop.hbase.regionserver.testhregion.testget_familychecker,False,False
4747,35,hbase,HRegion,org.apache.hadoop.hbase.regionserver.testhregion.testgetscanner_withregionclosed,False,False
4749,35,hbase,HRegion,org.apache.hadoop.hbase.regionserver.testhregion.testgetwithfilter,False,False
4758,35,hbase,HRegion,org.apache.hadoop.hbase.regionserver.testhregion.testskiprecoverededitsreplaythelastfileignored,True,True
4760,35,hbase,HRegion,org.apache.hadoop.hbase.regionserver.testhregion.testtoshownpeonregionscannerreseek,False,False
4768,35,hbase,HStore,org.apache.hadoop.hbase.regionserver.testhstore.testswitchingpreadtostreamparallelywithcompactiondischarger,True,True
4779,35,hbase,MobStoreScanner,org.apache.hadoop.hbase.regionserver.testmobstorescanner.testgetmassive,False,False
4798,35,hbase,StripeStoreEngine,org.apache.hadoop.hbase.regionserver.teststripestoreengine.testcreatebasedonconfig,False,False
4816,35,hbase,ReplicationSink,org.apache.hadoop.hbase.replication.regionserver.testreplicationsink.testbatchsink,False,False
4841,35,hbase,AccessController,org.apache.hadoop.hbase.security.access.testaccesscontroller.testaccesscontrolrevokeonlyfewpermission,False,False
4856,35,hbase,AccessController,org.apache.hadoop.hbase.security.access.testaccesscontroller.testtruncateperms,False,False
4861,35,hbase,CoprocessorWhitelistMasterObserver,org.apache.hadoop.hbase.security.access.testcoprocessorwhitelistmasterobserver.testschemewhitelisted,False,False
4869,35,hbase,ExpressionParser,org.apache.hadoop.hbase.security.visibility.testexpressionparser.testnonasciicases,False,False
4884,35,hbase,CellUtil,org.apache.hadoop.hbase.testcellutil.testwritecell,False,False
4912,35,hbase,MetaTableAccessor,org.apache.hadoop.hbase.testmetatableaccessor.testmetalocationforregionreplicasisaddedattablecreation,False,False
4933,35,hbase,ThriftHBaseServiceHandler,org.apache.hadoop.hbase.thrift2.testthrifthbaseservicehandler.testmetricswithexception,False,False
4938,35,hbase,LoadIncrementalHFiles,org.apache.hadoop.hbase.tool.testloadincrementalhfiles.testloadtoomayhfiles,True,True
4947,35,hbase,AbstractHBaseTool,org.apache.hadoop.hbase.util.abstracthbasetooltest.testalloptionsset,False,False
4962,35,hbase,Bytes,org.apache.hadoop.hbase.util.testbytes.checktestincrementbytes,False,False
4964,35,hbase,Bytes,org.apache.hadoop.hbase.util.testbytes.testbinarysearch,False,False
4965,35,hbase,Bytes,org.apache.hadoop.hbase.util.testbytes.testfixedsizestring,False,False
4990,35,hbase,FSTableDescriptors,org.apache.hadoop.hbase.util.testfstabledescriptors.testtabledescriptors,True,True
4997,35,hbase,JSONMetricUtil,org.apache.hadoop.hbase.util.testjsonmetricutil.testbuildhashtable,False,False
4999,35,hbase,OrderedBytes,org.apache.hadoop.hbase.util.testorderedbytes.testblobvar,False,False
5002,35,hbase,RegionMover,org.apache.hadoop.hbase.util.testregionmover.testexclude,True,True
5004,35,hbase,RegionMover,org.apache.hadoop.hbase.util.testregionmover.testrepeatedload,False,False
5006,35,hbase,RegionSplitCalculator,org.apache.hadoop.hbase.util.testregionsplitcalculator.testbeginendmarker,False,False
5013,35,hbase,StealJobQueue,org.apache.hadoop.hbase.util.teststealjobqueue.testofferinstealqueuefromshouldunblock,False,False
5017,35,hbase,SyncReplicationWALProvider,org.apache.hadoop.hbase.wal.testsyncreplicationwalprovider.test,False,False
5024,35,hbase,RecoverableZooKeeper,org.apache.hadoop.hbase.zookeeper.testrecoverablezookeeper.testsetdataversionmismatchinloop,False,False
5028,35,hbase,ZKNodeTracker,org.apache.hadoop.hbase.zookeeper.testzknodetracker.testcleanznode,False,False
5029,35,hbase,ZKNodeTracker,org.apache.hadoop.hbase.zookeeper.testzknodetracker.testnodetracker,False,False
4325,35,hbase,AsyncProcess,org.apache.hadoop.hbase.client.testasyncprocess.testerrorsservers,False,False
4369,35,hbase,SimpleRequestController,org.apache.hadoop.hbase.client.testsimplerequestcontroller.testwaitformaximumcurrenttasks,False,False
4371,35,hbase,TableDescriptorBuilder,org.apache.hadoop.hbase.client.testtabledescriptorbuilder.testclassmethodsarebuilderstyle,False,False
4380,35,hbase,Constraint,org.apache.hadoop.hbase.constraint.testconstraint.testdisableconstraint,False,False
4390,35,hbase,FavoredNodeAssignmentHelper,org.apache.hadoop.hbase.favored.testfavorednodeassignmenthelper.testgenmissingfavorednodemultirack,False,False
4394,35,hbase,BitComparator,org.apache.hadoop.hbase.filter.testbitcomparator.testoroperationwithoffset,False,False
4407,35,hbase,FilterList,org.apache.hadoop.hbase.filter.testfilterlist.testkeyonlyfiltertransformcell,False,False
4413,35,hbase,FilterList,org.apache.hadoop.hbase.filter.testfilterlist.testrowcountfilter,False,False
4426,35,hbase,MultiRowRangeFilter,org.apache.hadoop.hbase.filter.testmultirowrangefilter.testmergeandsortwithoverlap,False,False
4445,35,hbase,JMXJsonServlet,org.apache.hadoop.hbase.http.jmx.testjmxjsonservlet.assertrefind,False,False
4454,35,hbase,Encryption,org.apache.hadoop.hbase.io.crypto.testencryption.testlargeblocks,False,False
4471,35,hbase,HFileBlockIndex,org.apache.hadoop.hbase.io.hfile.testhfileblockindex.testblockindex,False,False
4476,35,hbase,LruBlockCache,org.apache.hadoop.hbase.io.hfile.testlrublockcache.testcacheevictioninmemoryforcemode,False,False
4508,35,hbase,CopyTable,org.apache.hadoop.hbase.mapreduce.testcopytable.testmainmethod,False,False
4512,35,hbase,HFileOutputFormat2,org.apache.hadoop.hbase.mapreduce.testhfileoutputformat2.testmrincrementalloadwithlocality,True,True
4520,35,hbase,RegionSizeCalculator,org.apache.hadoop.hbase.mapreduce.testregionsizecalculator.testdisabled,False,False
4523,35,hbase,RowCounter,org.apache.hadoop.hbase.mapreduce.testrowcounter.testrowcountercolumnwithcoloninqualifier,False,False
4529,35,hbase,TableInputFormat,org.apache.hadoop.hbase.mapreduce.testtableinputformat.testdeprecatedextensionoftableinputformatbase,False,False
4553,35,hbase,StochasticLoadBalancer,org.apache.hadoop.hbase.master.balancer.teststochasticloadbalancer.testcprequestcost,False,False
4558,35,hbase,HFileCleaner,org.apache.hadoop.hbase.master.cleaner.testhfilecleaner.testthreadcleanup,True,True
4567,35,hbase,SimpleRegionNormalizer,org.apache.hadoop.hbase.master.normalizer.testsimpleregionnormalizer.testplancomparator,False,False
4603,35,hbase,MasterStatusServlet,org.apache.hadoop.hbase.master.testmasterstatusservlet.teststatustemplatenotables,False,False
4604,35,hbase,MasterStatusServlet,org.apache.hadoop.hbase.master.testmasterstatusservlet.teststatustemplatewithservers,False,False
4607,35,hbase,SplitLogManager,org.apache.hadoop.hbase.master.testsplitlogmanager.testdeadworker,False,False
4612,35,hbase,MetricRegistryImpl,org.apache.hadoop.hbase.metrics.impl.testmetricregistryimpl.testgetmetrics,False,False
4614,35,hbase,RefCountingMap,org.apache.hadoop.hbase.metrics.impl.testrefcountingmap.testclear,False,False
4631,35,hbase,MemoryBoundedLogMessageBuffer,org.apache.hadoop.hbase.monitoring.testmemoryboundedlogmessagebuffer.testnonasciiencoding,False,False
4647,35,hbase,WALProcedureStore,org.apache.hadoop.hbase.procedure2.store.wal.testwalprocedurestore.testload,True,True
4651,35,hbase,WALProcedureStore,org.apache.hadoop.hbase.procedure2.store.wal.testwalprocedurestore.testwalcleanerwithemptyrolls,False,False
4685,35,hbase,QuotaState,org.apache.hadoop.hbase.quotas.testquotastate.testquotastateupdatetablethrottle,False,False
4698,35,hbase,StripeCompactionPolicy,org.apache.hadoop.hbase.regionserver.compactions.teststripecompactionpolicy.testsinglestripedropdeletes,True,True
4700,35,hbase,NewVersionBehaviorTracker,org.apache.hadoop.hbase.regionserver.querymatcher.testnewversionbehaviortracker.testmaxversionmask,False,False
4708,35,hbase,CompactingMemStore,org.apache.hadoop.hbase.regionserver.testcompactingmemstore.testupdatetotimeofoldestedit,False,False
4712,35,hbase,DateTieredCompactionPolicy,org.apache.hadoop.hbase.regionserver.testdatetieredcompactionpolicy.negativeformajor,False,False
4715,35,hbase,DefaultMemStore,org.apache.hadoop.hbase.regionserver.testdefaultmemstore.testgetwithdeletecolumn,False,False
4717,35,hbase,DefaultMemStore,org.apache.hadoop.hbase.regionserver.testdefaultmemstore.testmemstoredeletesvisibilitywithsamekey,False,False
4724,35,hbase,FlushLifeCycleTracker,org.apache.hadoop.hbase.regionserver.testflushlifecycletracker.test,False,False
4730,35,hbase,HMobStore,org.apache.hadoop.hbase.regionserver.testhmobstore.testresolve,True,True
4735,35,hbase,HRegion,org.apache.hadoop.hbase.regionserver.testhregion.testcellttls,True,True
4754,35,hbase,HRegion,org.apache.hadoop.hbase.regionserver.testhregion.testreversescanshouldnotscanmemstoreifreadptlesser,False,False
4772,35,hbase,HStoreFile,org.apache.hadoop.hbase.regionserver.testhstorefile.teststorefilereference,True,False
4792,35,hbase,StoreFileInfo,org.apache.hadoop.hbase.regionserver.teststorefileinfo.testequalswithlink,True,True
4796,35,hbase,StoreScanner,org.apache.hadoop.hbase.regionserver.teststorescanner.testskipcolumn,False,False
4803,35,hbase,StoreHotnessProtector,org.apache.hadoop.hbase.regionserver.throttle.teststorehotnessprotector.testprepareputcounter,False,False
4808,35,hbase,FSHLog,org.apache.hadoop.hbase.regionserver.wal.testfshlog.testsyncrunnerindexoverflow,False,False
4834,35,hbase,MultiRowResource,org.apache.hadoop.hbase.rest.testmultirowresource.testmulticellgetjsonnotfound,False,False
4835,35,hbase,MultiRowResource,org.apache.hadoop.hbase.rest.testmultirowresource.testmulticellgetwithcolsjson,False,False
4842,35,hbase,AccessController,org.apache.hadoop.hbase.security.access.testaccesscontroller.testbalanceswitch,True,False
4854,35,hbase,AccessController,org.apache.hadoop.hbase.security.access.testaccesscontroller.testtabletruncate,True,False
4863,35,hbase,EncryptionUtil,org.apache.hadoop.hbase.security.testencryptionutil.testkeywrapping,False,False
4882,35,hbase,CellUtil,org.apache.hadoop.hbase.testcellutil.testclonecellfieldsfrombytebufferedcell,False,False
4895,35,hbase,HTableDescriptor,org.apache.hadoop.hbase.testhtabledescriptor.testaddcoprocessorwithspecstr,False,False
4897,35,hbase,HTableDescriptor,org.apache.hadoop.hbase.testhtabledescriptor.testclassmethodsarebuilderstyle,False,False
4910,35,hbase,MetaTableAccessor,org.apache.hadoop.hbase.testmetatableaccessor.testgetregion,False,False
4923,35,hbase,ThriftServer,org.apache.hadoop.hbase.thrift.testthriftserver.dotestgetregioninfo,False,False
4928,35,hbase,ThriftHBaseServiceHandler,org.apache.hadoop.hbase.thrift2.testthrifthbaseservicehandler.testdeletealltimestamps,False,False
4930,35,hbase,ThriftHBaseServiceHandler,org.apache.hadoop.hbase.thrift2.testthrifthbaseservicehandler.testexistsall,False,False
4943,35,hbase,FixedLengthWrapper,org.apache.hadoop.hbase.types.testfixedlengthwrapper.testinsufficientremainingread,False,False
4946,35,hbase,TerminatedWrapper,org.apache.hadoop.hbase.types.testterminatedwrapper.testskipnonskippable,False,False
4948,35,hbase,AbstractHBaseTool,org.apache.hadoop.hbase.util.abstracthbasetooltest.testnewoptionoverridesoldoption,False,False
4951,35,hbase,AvlUtil,org.apache.hadoop.hbase.util.testavlutil.testavltreeiterseekto,False,False
4952,35,hbase,BloomFilterChunk,org.apache.hadoop.hbase.util.testbloomfilterchunk.testfoldablebytesize,False,False
4955,35,hbase,ByteBufferArray,org.apache.hadoop.hbase.util.testbytebufferarray.testbytebuffercreation,False,False
4970,35,hbase,Bytes,org.apache.hadoop.hbase.util.testbytes.testsplit,False,False
4984,35,hbase,EnvironmentEdgeManager,org.apache.hadoop.hbase.util.testenvironmentedgemanager.testcurrenttimeinmillis,False,False
4996,35,hbase,JRubyFormat,org.apache.hadoop.hbase.util.testjrubyformat.testprint,False,False
5008,35,hbase,RegionSplitCalculator,org.apache.hadoop.hbase.util.testregionsplitcalculator.testsplitcalculatordegenerateedge,False,False
5019,35,hbase,WALFactory,org.apache.hadoop.hbase.wal.testwalfactory.testsplit,False,False
4308,35,hbase,BackupHFileCleaner,org.apache.hadoop.hbase.backup.testbackuphfilecleaner.testgetdeletablefiles,True,True
4311,35,hbase,BackupSystemTable,org.apache.hadoop.hbase.backup.testbackupsystemtable.testaddwalfiles,True,True
4315,35,hbase,BackupSystemTable,org.apache.hadoop.hbase.backup.testbackupsystemtable.testbackupsetremove,False,False
4319,35,hbase,ReplicationAdmin,org.apache.hadoop.hbase.client.replication.testreplicationadmin.testsetreplicateallusertables,False,False
4320,35,hbase,ReplicationAdmin,org.apache.hadoop.hbase.client.replication.testreplicationadmin.testtransitsyncreplicationpeerstate,True,True
4327,35,hbase,AsyncProcess,org.apache.hadoop.hbase.client.testasyncprocess.testmaxtask,False,False
4330,35,hbase,AsyncProcess,org.apache.hadoop.hbase.client.testasyncprocess.testreplicaallcallsfailforoneregion,False,False
4352,35,hbase,ColumnFamilyDescriptorBuilder,org.apache.hadoop.hbase.client.testcolumnfamilydescriptorbuilder.testsettimetolive,False,False
4358,35,hbase,ImmutableHColumnDescriptor,org.apache.hadoop.hbase.client.testimmutablehcolumndescriptor.testimmutable,False,False
4363,35,hbase,Operation,org.apache.hadoop.hbase.client.testoperation.testoperationjson,False,False
4377,35,hbase,KeyValueCodec,org.apache.hadoop.hbase.codec.testkeyvaluecodec.testone,False,False
4379,35,hbase,ConfigurationManager,org.apache.hadoop.hbase.conf.testconfigurationmanager.testderegisteronoutofscope,False,False
4386,35,hbase,WALObserver,org.apache.hadoop.hbase.coprocessor.testwalobserver.testwalobserverroll,False,False
4388,35,hbase,TimeoutExceptionInjector,org.apache.hadoop.hbase.errorhandling.testtimeoutexceptioninjector.testtimerpassesonerrorinfo,False,False
4401,35,hbase,Filter,org.apache.hadoop.hbase.filter.testfilter.testlatestversionfilterwithexplicitcolumn,False,False
4441,35,hbase,ParseFilter,org.apache.hadoop.hbase.filter.testparsefilter.testunescapedquote2,False,False
4444,35,hbase,ConfServlet,org.apache.hadoop.hbase.http.conf.testconfservlet.testwritejson,False,False
4451,35,hbase,HttpServer,org.apache.hadoop.hbase.http.testhttpserver.testbindaddress,False,False
4453,35,hbase,FanOutOneBlockAsyncDFSOutput,org.apache.hadoop.hbase.io.asyncfs.testfanoutoneblockasyncdfsoutput.testconnecttodatanodefailed,False,False
4458,35,hbase,BucketCache,org.apache.hadoop.hbase.io.hfile.bucket.testbucketcache.testcacheblocknextblockmetadatamissing,True,False
4461,35,hbase,BucketCache,org.apache.hadoop.hbase.io.hfile.bucket.testbucketcache.testoffsetproducespositiveoutput,False,False
4475,35,hbase,HFileDataBlockEncoder,org.apache.hadoop.hbase.io.hfile.testhfiledatablockencoder.testencodingwithcache,False,False
4502,35,hbase,TableInputFormat,org.apache.hadoop.hbase.mapred.testtableinputformat.testtablerecordreader,False,False
4505,35,hbase,MultiTableInputFormatBase,org.apache.hadoop.hbase.mapreduce.multitableinputformattestbase.testscanobbtoopp,False,False
4515,35,hbase,ImportTsv,org.apache.hadoop.hbase.mapreduce.testimporttsv.testdrymodewithbulkmodeandtabledoesnotexistscreatetablesettoyes,False,False
4518,35,hbase,MultiTableSnapshotInputFormatImpl,org.apache.hadoop.hbase.mapreduce.testmultitablesnapshotinputformatimpl.testsetinputsetssnapshottoscans,False,False
4531,35,hbase,TableInputFormat,org.apache.hadoop.hbase.mapreduce.testtableinputformat.testtablerecordreadermapreduce,False,False
4532,35,hbase,TableInputFormat,org.apache.hadoop.hbase.mapreduce.testtableinputformat.testtablerecordreaderscannerfailmapreducetwice,False,False
4551,35,hbase,RSGroupBasedLoadBalancer,org.apache.hadoop.hbase.master.balancer.testrsgroupbasedloadbalancer.testretainassignment,False,False
4552,35,hbase,StochasticLoadBalancer,org.apache.hadoop.hbase.master.balancer.teststochasticloadbalancer.testcostfromarray,False,False
4561,35,hbase,LockManager,org.apache.hadoop.hbase.master.locking.testlockmanager.testmasterlockacquiretimeout,False,False
4566,35,hbase,SimpleRegionNormalizer,org.apache.hadoop.hbase.master.normalizer.testsimpleregionnormalizer.testmergeofsmallregions,False,False
4573,35,hbase,CreateNamespaceProcedure,org.apache.hadoop.hbase.master.procedure.testcreatenamespaceprocedure.testrecoveryanddoubleexecution,False,False
4578,35,hbase,MasterProcedureScheduler,org.apache.hadoop.hbase.master.procedure.testmasterprocedurescheduler.testcreatedeletetableoperationswithreadlock,False,False
4587,35,hbase,ModifyTableProcedure,org.apache.hadoop.hbase.master.procedure.testmodifytableprocedure.testrecoveryanddoubleexecutionoffline,False,False
4589,35,hbase,RestoreSnapshotProcedure,org.apache.hadoop.hbase.master.procedure.testrestoresnapshotprocedure.testrecoveryanddoubleexecution,False,False
4610,35,hbase,Gauge,org.apache.hadoop.hbase.metrics.impl.testgauge.testgetvalue,False,False
4625,35,hbase,PartitionedMobCompactor,org.apache.hadoop.hbase.mob.compactions.testpartitionedmobcompactor.testcompactionselectwithallfiles,True,True
4652,35,hbase,ProcedureExecutor,org.apache.hadoop.hbase.procedure2.testprocedureexecutor.testsubmitbatch,False,False
4657,35,hbase,DelayedUtil,org.apache.hadoop.hbase.procedure2.util.testdelayedutil.testdelayedcontainerequals,False,False
4668,35,hbase,NoWritesViolationPolicyEnforcement,org.apache.hadoop.hbase.quotas.policies.testnowritesviolationpolicyenforcement.testcheckput,False,False
4677,35,hbase,GlobalQuotaSettingsImpl,org.apache.hadoop.hbase.quotas.testglobalquotasettingsimpl.testmergespace,False,False
4682,35,hbase,MasterQuotasObserver,org.apache.hadoop.hbase.quotas.testmasterquotasobserver.testtablespacequotaremoved,False,False
4696,35,hbase,OffPeakHours,org.apache.hadoop.hbase.regionserver.compactions.testoffpeakhours.testsetpeakhouroutsidecurrentselection,False,False
4705,35,hbase,UserScanQueryMatcher,org.apache.hadoop.hbase.regionserver.querymatcher.testuserscanquerymatcher.testmatchwhenfilterreturnsincludeandseeknextrow,False,False
4710,35,hbase,CompoundBloomFilter,org.apache.hadoop.hbase.regionserver.testcompoundbloomfilter.testcreatekey,False,False
4739,35,hbase,HRegion,org.apache.hadoop.hbase.regionserver.testhregion.testdatainmemorywithoutwal,True,True
4743,35,hbase,HRegion,org.apache.hadoop.hbase.regionserver.testhregion.testflushsizeaccounting,True,True
4764,35,hbase,HStore,org.apache.hadoop.hbase.regionserver.testhstore.testcreatewriter,True,True
4767,35,hbase,HStore,org.apache.hadoop.hbase.regionserver.testhstore.teststoreusessearchengineoverride,False,False
4774,35,hbase,MetricsRegion,org.apache.hadoop.hbase.regionserver.testmetricsregion.testregionwrappermetrics,True,True
4782,35,hbase,MobStoreScanner,org.apache.hadoop.hbase.regionserver.testmobstorescanner.testreadfromcorruptmobfileswithreademptyvalueonmobcellmiss,True,True
4824,35,hbase,ReplicationEndpoint,org.apache.hadoop.hbase.replication.testreplicationendpoint.testmetricssourcebasesourcepassthrough,True,False
4836,35,hbase,ScannerResource,org.apache.hadoop.hbase.rest.testscannerresource.testsimplescannerxml,False,False
4862,35,hbase,ZKPermissionWatcher,org.apache.hadoop.hbase.security.access.testzkpermissionwatcher.testpermissionswatcher,False,False
4879,35,hbase,ByteBufferKeyValue,org.apache.hadoop.hbase.testbytebufferkeyvalue.testcompare,False,False
4888,35,hbase,ClassFinder,org.apache.hadoop.hbase.testclassfinder.testclassfinderhandlesnestedpackages,True,True
4889,35,hbase,CompoundConfiguration,org.apache.hadoop.hbase.testcompoundconfiguration.testlaterconfigsoverrideearlier,False,False
4896,35,hbase,HTableDescriptor,org.apache.hadoop.hbase.testhtabledescriptor.testaddduplicatefamilies,False,False
4901,35,hbase,JMXListener,org.apache.hadoop.hbase.testjmxlistener.teststart,False,False
4907,35,hbase,KeyValue,org.apache.hadoop.hbase.testkeyvalue.testkvswithtags,False,False
4940,35,hbase,LoadIncrementalHFiles,org.apache.hadoop.hbase.tool.testloadincrementalhfiles.testsplitstorefilewithnonetoencoded,True,True
4949,35,hbase,AbstractHBaseTool,org.apache.hadoop.hbase.util.abstracthbasetooltest.testoldoptionswork,False,False
4954,35,hbase,BoundedPriorityBlockingQueue,org.apache.hadoop.hbase.util.testboundedpriorityblockingqueue.testpollinexecutor,False,False
4957,35,hbase,ByteBufferUtils,org.apache.hadoop.hbase.util.testbytebufferutils.testcompareto,False,False
4966,35,hbase,Bytes,org.apache.hadoop.hbase.util.testbytes.testgetbytesforbytebuffer,False,False
4968,35,hbase,Bytes,org.apache.hadoop.hbase.util.testbytes.testnullhashcode,False,False
4989,35,hbase,FSTableDescriptors,org.apache.hadoop.hbase.util.testfstabledescriptors.testreadinghtdfromfs,True,True
4994,35,hbase,HFileArchiveUtil,org.apache.hadoop.hbase.util.testhfilearchiveutil.testregionarchivedir,True,True
5005,35,hbase,RegionMover,org.apache.hadoop.hbase.util.testregionmover.testunloadwithack,False,False
5010,35,hbase,RegionSplitCalculator,org.apache.hadoop.hbase.util.testregionsplitcalculator.testsplitcalculatorsingleedge,False,False
4321,35,hbase,AsyncAdminBuilder,org.apache.hadoop.hbase.client.testasyncadminbuilder.testoperationtimeout,False,False
4323,35,hbase,AsyncAggregationClient,org.apache.hadoop.hbase.client.testasyncaggregationclient.testmin,False,False
4324,35,hbase,AsyncProcess,org.apache.hadoop.hbase.client.testasyncprocess.testaction,False,False
4334,35,hbase,AsyncProcess,org.apache.hadoop.hbase.client.testasyncprocess.testsubmitlargerequestwithunlimitedsize,False,False
4341,35,hbase,AsyncTable,org.apache.hadoop.hbase.client.testasynctable.testcheckandput,False,False
4355,35,hbase,ConnectionImplementation,org.apache.hadoop.hbase.client.testconnectionimplementation.testclusterconnection,False,False
4368,35,hbase,SimpleRequestController,org.apache.hadoop.hbase.client.testsimplerequestcontroller.testtaskcountchecker,False,False
4375,35,hbase,ZKAsyncRegistry,org.apache.hadoop.hbase.client.testzkasyncregistry.testindependentzkconnections,False,False
4378,35,hbase,KeyValueCodecWithTags,org.apache.hadoop.hbase.codec.testkeyvaluecodecwithtags.testkeyvaluewithtag,False,False
4410,35,hbase,FilterList,org.apache.hadoop.hbase.filter.testfilterlist.testmponewithseeknextusinghint,False,False
4411,35,hbase,FilterList,org.apache.hadoop.hbase.filter.testfilterlist.testordering,False,False
4424,35,hbase,MultiRowRangeFilter,org.apache.hadoop.hbase.filter.testmultirowrangefilter.testmergeandsortwithemptystartrowandstoprow,False,False
4433,35,hbase,ParseFilter,org.apache.hadoop.hbase.filter.testparsefilter.testcolumncountgetfilter,False,False
4435,35,hbase,ParseFilter,org.apache.hadoop.hbase.filter.testparsefilter.testcompoundfilter5,False,False
4438,35,hbase,ParseFilter,org.apache.hadoop.hbase.filter.testparsefilter.testregisterfilter,False,False
4449,35,hbase,HtmlQuoting,org.apache.hadoop.hbase.http.testhtmlquoting.testneedsquoting,False,False
4465,35,hbase,CacheConfig,org.apache.hadoop.hbase.io.hfile.testcacheconfig.testl2cachewithinvalidbucketsize,False,False
4466,35,hbase,FixedFileTrailer,org.apache.hadoop.hbase.io.hfile.testfixedfiletrailer.testtrailerforv2nonpbcompatibility,True,True
4469,35,hbase,HFileBlock,org.apache.hadoop.hbase.io.hfile.testhfileblock.testdatablockencoding,False,False
4489,35,hbase,BufferChain,org.apache.hadoop.hbase.ipc.testbufferchain.testwithspy,True,True
4490,35,hbase,CallRunner,org.apache.hadoop.hbase.ipc.testcallrunner.testsimplecall,False,False
4494,35,hbase,MasterFifoRpcScheduler,org.apache.hadoop.hbase.ipc.testmasterfiforpcscheduler.testcallqueueinfo,False,False
4498,35,hbase,GroupingTableMap,org.apache.hadoop.hbase.mapred.testgroupingtablemap.shouldnotcallcollectonsincefinduniquekeyvaluemorethanones,False,False
4504,35,hbase,TableMapReduceUtil,org.apache.hadoop.hbase.mapred.testtablemapreduceutil.shoudbevalidmapreducewithpartitionerevaluation,True,True
4506,35,hbase,MultiTableInputFormatBase,org.apache.hadoop.hbase.mapreduce.multitableinputformattestbase.testscanyzytoempty,False,False
4513,35,hbase,HFileOutputFormat2,org.apache.hadoop.hbase.mapreduce.testhfileoutputformat2.testwritingpedata,True,True
4514,35,hbase,ImportTsv,org.apache.hadoop.hbase.mapreduce.testimporttsv.testbulkoutputwithanexistingtablenostricttrue,False,False
4527,35,hbase,RowCounter,org.apache.hadoop.hbase.mapreduce.testrowcounter.testrowcountertimerange,False,False
4538,35,hbase,AssignmentManager,org.apache.hadoop.hbase.master.assignment.testassignmentmanager.testassignwithgoodexec,False,False
4539,35,hbase,AssignmentManager,org.apache.hadoop.hbase.master.assignment.testassignmentmanager.testunassignanunassignedregion,False,False
4549,35,hbase,RSGroupBasedLoadBalancer,org.apache.hadoop.hbase.master.balancer.testrsgroupbasedloadbalancer.testbalancecluster,False,False
4550,35,hbase,RSGroupBasedLoadBalancer,org.apache.hadoop.hbase.master.balancer.testrsgroupbasedloadbalancer.testbulkassignment,False,False
4559,35,hbase,HFileCleaner,org.apache.hadoop.hbase.master.cleaner.testhfilecleaner.testttlcleaner,True,True
4611,35,hbase,HistogramImpl,org.apache.hadoop.hbase.metrics.impl.testhistogramimpl.testsnapshot,False,False
4627,35,hbase,ExpiredMobFileCleaner,org.apache.hadoop.hbase.mob.testexpiredmobfilecleaner.testcleaner,True,True
4636,35,hbase,MultiByteBuff,org.apache.hadoop.hbase.nio.testmultibytebuff.testmarkandresetwithmbb,False,False
4648,35,hbase,WALProcedureStore,org.apache.hadoop.hbase.procedure2.store.wal.testwalprocedurestore.testwalcleanernoholes,True,True
4656,35,hbase,StateMachineProcedure,org.apache.hadoop.hbase.procedure2.teststatemachineprocedure.testchildbadrollbackstatecount,False,False
4669,35,hbase,ActivePolicyEnforcement,org.apache.hadoop.hbase.quotas.testactivepolicyenforcement.testnonviolatingquotacachespolicyenforcment,False,False
4673,35,hbase,FileSystemUtilizationChore,org.apache.hadoop.hbase.quotas.testfilesystemutilizationchore.testnondefaultconfigurationproperties,True,True
4680,35,hbase,MasterQuotasObserver,org.apache.hadoop.hbase.quotas.testmasterquotasobserver.testnamespacespaceandrpcquotaremoved,False,False
4689,35,hbase,RateLimiter,org.apache.hadoop.hbase.quotas.testratelimiter.testlimitercompensationoverflow,False,False
4701,35,hbase,NewVersionBehaviorTracker,org.apache.hadoop.hbase.regionserver.querymatcher.testnewversionbehaviortracker.testversionsdelete,False,False
4718,35,hbase,DefaultMemStore,org.apache.hadoop.hbase.regionserver.testdefaultmemstore.testreadownwritesunderconcurrency,False,False
4721,35,hbase,DefaultMemStore,org.apache.hadoop.hbase.regionserver.testdefaultmemstore.testshouldflushmeta,False,False
4740,35,hbase,HRegion,org.apache.hadoop.hbase.regionserver.testhregion.testdelete_checktimestampupdated,False,False
4741,35,hbase,HRegion,org.apache.hadoop.hbase.regionserver.testhregion.testdurability,False,False
4742,35,hbase,HRegion,org.apache.hadoop.hbase.regionserver.testhregion.testflushresult,False,False
4753,35,hbase,HRegion,org.apache.hadoop.hbase.regionserver.testhregion.testreversescanner_frommemstoreandhfiles_multicfs2,True,True
4757,35,hbase,HRegion,org.apache.hadoop.hbase.regionserver.testhregion.testsequenceid,False,False
4762,35,hbase,HRegionInfo,org.apache.hadoop.hbase.regionserver.testhregioninfo.testcomparator,False,False
4769,35,hbase,HStoreFile,org.apache.hadoop.hbase.regionserver.testhstorefile.testbloomfilter,True,True
4787,35,hbase,RegionSplitPolicy,org.apache.hadoop.hbase.regionserver.testregionsplitpolicy.testdelimitedkeyprefixregionsplitpolicy,False,False
4806,35,hbase,AbstractFSWAL,org.apache.hadoop.hbase.regionserver.wal.abstracttestfswal.testwriteentrycanbenull,False,False
4812,35,hbase,RecoverStandbyProcedure,org.apache.hadoop.hbase.replication.master.testrecoverstandbyprocedure.testrecoverstandby,True,True
4814,35,hbase,MetricsReplicationSourceImpl,org.apache.hadoop.hbase.replication.regionserver.testmetricsreplicationsourceimpl.testgetinstance,False,False
4828,35,hbase,ZKReplicationPeerStorage,org.apache.hadoop.hbase.replication.testzkreplicationpeerstorage.test,False,False
4838,35,hbase,TableResource,org.apache.hadoop.hbase.rest.testtableresource.testtablelisttext,False,False
4848,35,hbase,AccessController,org.apache.hadoop.hbase.security.access.testaccesscontroller.testhaspermission,False,False
4849,35,hbase,AccessController,org.apache.hadoop.hbase.security.access.testaccesscontroller.testpostgrantrevokeatqualifierlevel,False,False
4855,35,hbase,AccessController,org.apache.hadoop.hbase.security.access.testaccesscontroller.testtransitsyncreplicationpeerstate,True,True
4859,35,hbase,CoprocessorWhitelistMasterObserver,org.apache.hadoop.hbase.security.access.testcoprocessorwhitelistmasterobserver.testblanketwhitelist,False,False
4860,35,hbase,CoprocessorWhitelistMasterObserver,org.apache.hadoop.hbase.security.access.testcoprocessorwhitelistmasterobserver.testdifferentfilesystemnonwhitelisted,True,True
4870,35,hbase,ProtobufUtil,org.apache.hadoop.hbase.shaded.protobuf.testprotobufutil.testincrement,False,False
4874,35,hbase,ProtobufUtil,org.apache.hadoop.hbase.shaded.protobuf.testprotobufutil.testtocell,True,False
4877,35,hbase,RestoreSnapshotHelper,org.apache.hadoop.hbase.snapshot.testrestoresnapshothelper.testrestore,False,False
4878,35,hbase,SnapshotDescriptionUtils,org.apache.hadoop.hbase.snapshot.testsnapshotdescriptionutils.testcompletesnapshotwithnosnapshotdirectoryfailure,False,False
4880,35,hbase,CellBuilder,org.apache.hadoop.hbase.testcellbuilder.testextendedcellbuilderwithdeepcopy,False,False
4883,35,hbase,CellUtil,org.apache.hadoop.hbase.testcellutil.testmatchingcellfieldsfrombytebufferedcell,False,False
4887,35,hbase,ClassFinder,org.apache.hadoop.hbase.testclassfinder.testclassfinderfiltersbypathindirs,False,False
4890,35,hbase,CompoundConfiguration,org.apache.hadoop.hbase.testcompoundconfiguration.testput,False,False
4898,35,hbase,HTableDescriptor,org.apache.hadoop.hbase.testhtabledescriptor.testmodifyinexistentfamily,False,False
4899,35,hbase,IndividualBytesFieldCell,org.apache.hadoop.hbase.testindividualbytesfieldcell.testillegaltags,False,False
4905,35,hbase,KeyValue,org.apache.hadoop.hbase.testkeyvalue.testequalsandhashcode,False,False
4909,35,hbase,KeyValue,org.apache.hadoop.hbase.testkeyvalue.teststackedupkeyvalue,False,False
4922,35,hbase,TagUtil,org.apache.hadoop.hbase.testtagutil.testcarryforwardttltag,False,False
4935,35,hbase,ThriftHBaseServiceHandler,org.apache.hadoop.hbase.thrift2.testthrifthbaseservicehandler.testputttl,False,False
4953,35,hbase,BloomFilterChunk,org.apache.hadoop.hbase.util.testbloomfilterchunk.testsizing,False,False
4971,35,hbase,Bytes,org.apache.hadoop.hbase.util.testbytes.testsplit3,False,False
4973,35,hbase,Bytes,org.apache.hadoop.hbase.util.testbytes.testtobytesbinarytrailingbackslashes,False,False
4977,35,hbase,CommonFSUtils,org.apache.hadoop.hbase.util.testcommonfsutils.streamcapabilitiesdoesnotallownullstream,False,False
4981,35,hbase,DynamicClassLoader,org.apache.hadoop.hbase.util.testdynamicclassloader.testloadclassfromanotherpath,False,False
4988,35,hbase,FSTableDescriptors,org.apache.hadoop.hbase.util.testfstabledescriptors.testformattableinfosequenceid,True,True
5007,35,hbase,RegionSplitCalculator,org.apache.hadoop.hbase.util.testregionsplitcalculator.testsplitcalculatorceil,False,False
5033,35,hbase,HelloHBase,org.apache.hbase.archetypes.exemplars.shaded_client.testhellohbase.testnamespaceexists,False,False
4314,35,hbase,BackupSystemTable,org.apache.hadoop.hbase.backup.testbackupsystemtable.testbackupsetlist,False,False
4328,35,hbase,AsyncProcess,org.apache.hadoop.hbase.client.testasyncprocess.testqueuerowaccess,False,False
4340,35,hbase,AsyncTable,org.apache.hadoop.hbase.client.testasynctable.testcheckandmutatewithtimerange,False,False
4347,35,hbase,BatchScanResultCache,org.apache.hadoop.hbase.client.testbatchscanresultcache.test,False,False
4362,35,hbase,Mutation,org.apache.hadoop.hbase.client.testmutation.testputcopyconstructor,False,False
4399,35,hbase,Filter,org.apache.hadoop.hbase.filter.testfilter.testfirstkeyonlyfilter,False,False
4400,35,hbase,Filter,org.apache.hadoop.hbase.filter.testfilter.testkeyonlyfilter,False,False
4405,35,hbase,Filter,org.apache.hadoop.hbase.filter.testfilter.testskipfilter,False,False
4419,35,hbase,InclusiveStopFilter,org.apache.hadoop.hbase.filter.testinclusivestopfilter.testserialization,False,False
4420,35,hbase,InclusiveStopFilter,org.apache.hadoop.hbase.filter.testinclusivestopfilter.teststoprowidentification,False,False
4429,35,hbase,MultiRowRangeFilter,org.apache.hadoop.hbase.filter.testmultirowrangefilter.testmultirowrangewithfilterlistandoperator,False,False
4457,35,hbase,BucketCache,org.apache.hadoop.hbase.io.hfile.bucket.testbucketcache.testbucketallocator,False,False
4472,35,hbase,HFileBlockIndex,org.apache.hadoop.hbase.io.hfile.testhfileblockindex.testblockindexchunk,True,True
4474,35,hbase,HFileBlockIndex,org.apache.hadoop.hbase.io.hfile.testhfileblockindex.testmidkeyonleafindexblockboundary,True,True
4477,35,hbase,LruBlockCache,org.apache.hadoop.hbase.io.hfile.testlrublockcache.testcacheevictionthreepriorities,False,False
4479,35,hbase,ByteBufferListOutputStream,org.apache.hadoop.hbase.io.testbytebufferlistoutputstream.testwrites,False,False
4483,35,hbase,FileLink,org.apache.hadoop.hbase.io.testfilelink.testlinkreadwithmissingfile,True,True
4492,35,hbase,CoprocessorRpcUtils,org.apache.hadoop.hbase.ipc.testcoprocessorrpcutils.testservicename,False,False
4509,35,hbase,CopyTable,org.apache.hadoop.hbase.mapreduce.testcopytable.testrenamefamily,False,False
4511,35,hbase,HFileOutputFormat2,org.apache.hadoop.hbase.mapreduce.testhfileoutputformat2.testmrincrementalload,False,False
4546,35,hbase,BaseLoadBalancer,org.apache.hadoop.hbase.master.balancer.testbaseloadbalancer.testregionavailability,False,False
4563,35,hbase,LockProcedure,org.apache.hadoop.hbase.master.locking.testlockprocedure.testlatch,False,False
4575,35,hbase,CreateTableProcedure,org.apache.hadoop.hbase.master.procedure.testcreatetableprocedure.testsimplecreatewithsplits,False,False
4615,35,hbase,RefCountingMap,org.apache.hadoop.hbase.metrics.impl.testrefcountingmap.testputmulti,False,False
4616,35,hbase,BaseSourceImpl,org.apache.hadoop.hbase.metrics.testbasesourceimpl.testincgauge,False,False
4623,35,hbase,PartitionedMobCompactor,org.apache.hadoop.hbase.mob.compactions.testpartitionedmobcompactor.testcompactionselectnofileswithincurrentweekmonthlypolicy,True,True
4633,35,hbase,NamespaceAuditor,org.apache.hadoop.hbase.namespace.testnamespaceauditor.testclonesnapshot,False,False
4634,35,hbase,NamespaceAuditor,org.apache.hadoop.hbase.namespace.testnamespaceauditor.testexceedtablequotainnamespace,False,False
4640,35,hbase,ProcedureMember,org.apache.hadoop.hbase.procedure.testproceduremember.testpropagateconnectionerrorbacktomanager,False,False
4642,35,hbase,ProcedureStoreTracker,org.apache.hadoop.hbase.procedure2.store.testprocedurestoretracker.testpartialtracker,False,False
4645,35,hbase,WALProcedureStore,org.apache.hadoop.hbase.procedure2.store.wal.testwalprocedurestore.testcorruptedprocedures,True,True
4653,35,hbase,ProcedureInMemoryChore,org.apache.hadoop.hbase.procedure2.testprocedureinmemorychore.testchoreaddandremove,False,False
4660,35,hbase,DisableTableViolationPolicyEnforcement,org.apache.hadoop.hbase.quotas.policies.testdisabletableviolationpolicyenforcement.testcheckput,False,False
4664,35,hbase,NoWritesCompactionsViolationPolicyEnforcement,org.apache.hadoop.hbase.quotas.policies.testnowritescompactionsviolationpolicyenforcement.testcheckdelete,False,False
4675,35,hbase,FileSystemUtilizationChore,org.apache.hadoop.hbase.quotas.testfilesystemutilizationchore.testnoonlineregions,True,True
4678,35,hbase,MasterQuotaManager,org.apache.hadoop.hbase.quotas.testmasterquotamanager.testuninitializedquotamanangerdoesnotfail,False,False
4691,35,hbase,RateLimiter,org.apache.hadoop.hbase.quotas.testratelimiter.testwaitintervaltimeunitseconds,False,False
4695,35,hbase,FIFOCompactionPolicy,org.apache.hadoop.hbase.regionserver.compactions.testfifocompactionpolicy.testsanitycheckminversion,False,False
4714,35,hbase,DateTieredCompactionPolicy,org.apache.hadoop.hbase.regionserver.testdatetieredcompactionpolicy.ratiot2,False,False
4716,35,hbase,DefaultMemStore,org.apache.hadoop.hbase.regionserver.testdefaultmemstore.testkeepdeleteinmemstore,False,False
4719,35,hbase,DefaultMemStore,org.apache.hadoop.hbase.regionserver.testdefaultmemstore.testretainsdeletefamily,False,False
4720,35,hbase,DefaultMemStore,org.apache.hadoop.hbase.regionserver.testdefaultmemstore.testscanacrosssnapshot2,False,False
4750,35,hbase,HRegion,org.apache.hadoop.hbase.regionserver.testhregion.testrecoverededitsreplaycompaction,False,False
4770,35,hbase,HStoreFile,org.apache.hadoop.hbase.regionserver.testhstorefile.testemptystorefilerestrictkeyranges,True,True
4780,35,hbase,MobStoreScanner,org.apache.hadoop.hbase.regionserver.testmobstorescanner.testgetreferences,False,False
4791,35,hbase,SplitLogWorker,org.apache.hadoop.hbase.regionserver.testsplitlogworker.testrescan,True,True
4794,35,hbase,StoreScanner,org.apache.hadoop.hbase.regionserver.teststorescanner.testdeletefamily,False,False
4795,35,hbase,StoreScanner,org.apache.hadoop.hbase.regionserver.teststorescanner.testdeletemarkerlongevity,False,False
4804,35,hbase,AbstractFSWAL,org.apache.hadoop.hbase.regionserver.wal.abstracttestfswal.testfailedtocreatewalifparentrenamed,True,True
4815,35,hbase,RegionReplicaReplicationEndpoint,org.apache.hadoop.hbase.replication.regionserver.testregionreplicareplicationendpoint.testregionreplicareplicationwith3replicas,False,False
4820,35,hbase,ReplicationThrottler,org.apache.hadoop.hbase.replication.regionserver.testreplicationthrottler.testthrottling,False,False
4825,35,hbase,ReplicationEndpoint,org.apache.hadoop.hbase.replication.testreplicationendpoint.testwalentryfilteraddvalidation,False,False
4829,35,hbase,ZKReplicationQueueStorage,org.apache.hadoop.hbase.replication.testzkreplicationqueuestorage.testremovealllastpushedseqidsforpeer,False,False
4833,35,hbase,MultiRowResource,org.apache.hadoop.hbase.rest.testmultirowresource.testmulticellgetjson,False,False
4837,35,hbase,TableResource,org.apache.hadoop.hbase.rest.testtableresource.testtablelistpb,False,False
4840,35,hbase,VersionResource,org.apache.hadoop.hbase.rest.testversionresource.testgetstargateversionpb,False,False
4844,35,hbase,AccessController,org.apache.hadoop.hbase.security.access.testaccesscontroller.testenablereplicationpeer,True,False
4850,35,hbase,AccessController,org.apache.hadoop.hbase.security.access.testaccesscontroller.testreadwrite,False,False
4866,35,hbase,User,org.apache.hadoop.hbase.security.testuser.testrunas,False,False
4868,35,hbase,ExpressionParser,org.apache.hadoop.hbase.security.visibility.testexpressionparser.testnegativecases,False,False
4893,35,hbase,HColumnDescriptor,org.apache.hadoop.hbase.testhcolumndescriptor.testpb,False,False
4911,35,hbase,MetaTableAccessor,org.apache.hadoop.hbase.testmetatableaccessor.testmasterssystemtimeisusedinmergeregions,False,False
4918,35,hbase,RegionLocations,org.apache.hadoop.hbase.testregionlocations.testmergelocations,False,False
4919,35,hbase,RegionLocations,org.apache.hadoop.hbase.testregionlocations.testupdatelocation,False,False
4921,35,hbase,ServerName,org.apache.hadoop.hbase.testservername.testhash,False,False
4931,35,hbase,ThriftHBaseServiceHandler,org.apache.hadoop.hbase.thrift2.testthrifthbaseservicehandler.testincrement,False,False
4959,35,hbase,ByteBufferUtils,org.apache.hadoop.hbase.util.testbytebufferutils.testputint,False,False
4978,35,hbase,CommonFSUtils,org.apache.hadoop.hbase.util.testcommonfsutils.testmatchingtail,True,True
4980,35,hbase,ConnectionCache,org.apache.hadoop.hbase.util.testconnectioncache.testconnectionchore,False,False
5018,35,hbase,WALFactory,org.apache.hadoop.hbase.wal.testwalfactory.testonlysetwalprovider,False,False
4316,35,hbase,BackupSystemTable,org.apache.hadoop.hbase.backup.testbackupsystemtable.testincrementalbackuptableset,False,False
4337,35,hbase,AsyncSingleRequestRpcRetryingCaller,org.apache.hadoop.hbase.client.testasyncsinglerequestrpcretryingcaller.testmaxretries,False,False
4338,35,hbase,AsyncTable,org.apache.hadoop.hbase.client.testasynctable.testappend,False,False
4342,35,hbase,AsyncTable,org.apache.hadoop.hbase.client.testasynctable.testsimplemultiple,False,False
4345,35,hbase,Attributes,org.apache.hadoop.hbase.client.testattributes.testputid,False,False
4350,35,hbase,ColumnFamilyDescriptorBuilder,org.apache.hadoop.hbase.client.testcolumnfamilydescriptorbuilder.testaddgetremoveconfiguration,False,False
4361,35,hbase,MetricsConnection,org.apache.hadoop.hbase.client.testmetricsconnection.teststaticmetrics,False,False
4404,35,hbase,Filter,org.apache.hadoop.hbase.filter.testfilter.testrowfilter,False,False
4412,35,hbase,FilterList,org.apache.hadoop.hbase.filter.testfilterlist.testreversedfilterlistwithor,False,False
4416,35,hbase,FirstKeyValueMatchingQualifiersFilter,org.apache.hadoop.hbase.filter.testfirstkeyvaluematchingqualifiersfilter.testfirstkeymatchingqualifierfilter,False,False
4423,35,hbase,MultiRowRangeFilter,org.apache.hadoop.hbase.filter.testmultirowrangefilter.testmergeandsortwithemptystartrow,False,False
4430,35,hbase,MultiRowRangeFilter,org.apache.hadoop.hbase.filter.testmultirowrangefilter.testoutoforderscannernextexception,False,False
4432,35,hbase,NullComparator,org.apache.hadoop.hbase.filter.testnullcomparator.testnonnullvalue,False,False
4434,35,hbase,ParseFilter,org.apache.hadoop.hbase.filter.testparsefilter.testcompoundfilter4,False,False
4440,35,hbase,ParseFilter,org.apache.hadoop.hbase.filter.testparsefilter.testtimestampsfilter,False,False
4443,35,hbase,SingleColumnValueExcludeFilter,org.apache.hadoop.hbase.filter.testsinglecolumnvalueexcludefilter.testfiltercell,False,False
4448,35,hbase,StaticUserWebFilter,org.apache.hadoop.hbase.http.lib.teststaticuserwebfilter.testoldstyleconfiguration,False,False
4452,35,hbase,HttpServer,org.apache.hadoop.hbase.http.testhttpserver.testhttpmethods,False,False
4464,35,hbase,FileIOEngine,org.apache.hadoop.hbase.io.hfile.bucket.testfileioengine.testrefreshfileconnection,True,True
4473,35,hbase,HFileBlockIndex,org.apache.hadoop.hbase.io.hfile.testhfileblockindex.testintermediatelevelindiceswithlargekeyswithminnumentries,False,False
4480,35,hbase,ByteBufferOutputStream,org.apache.hadoop.hbase.io.testbytebufferoutputstream.testbytebufferreuse,False,False
4488,35,hbase,LRUDictionary,org.apache.hadoop.hbase.io.util.testlrudictionary.testlrupolicy,False,False
4521,35,hbase,RegionSizeCalculator,org.apache.hadoop.hbase.mapreduce.testregionsizecalculator.testlargeregion,False,False
4522,35,hbase,RowCounter,org.apache.hadoop.hbase.mapreduce.testrowcounter.testimportmain,False,False
4530,35,hbase,TableInputFormat,org.apache.hadoop.hbase.mapreduce.testtableinputformat.testextensionoftableinputformatbase,False,False
4536,35,hbase,TableSnapshotInputFormat,org.apache.hadoop.hbase.mapreduce.testtablesnapshotinputformat.testwithmockedmapreducewithsplitsperregion,False,False
4537,35,hbase,TableSplit,org.apache.hadoop.hbase.mapreduce.testtablesplit.testhashcode_length,False,False
4548,35,hbase,RegionLocationFinder,org.apache.hadoop.hbase.master.balancer.testregionlocationfinder.testgettopblocklocations,False,False
4562,35,hbase,LockManager,org.apache.hadoop.hbase.master.locking.testlockmanager.testmasterlockacquiretimeoutregionvstableexclusive,False,False
4581,35,hbase,MasterProcedureScheduler,org.apache.hadoop.hbase.master.procedure.testmasterprocedurescheduler.testverifynamespacerwlocks,False,False
4593,35,hbase,TruncateTableProcedure,org.apache.hadoop.hbase.master.procedure.testtruncatetableprocedure.testsimpletruncate,False,False
4598,35,hbase,CatalogJanitor,org.apache.hadoop.hbase.master.testcatalogjanitor.testduplicatehfileresolution,True,True
4667,35,hbase,NoWritesViolationPolicyEnforcement,org.apache.hadoop.hbase.quotas.policies.testnowritesviolationpolicyenforcement.testcheckincrement,False,False
4672,35,hbase,FileSystemUtilizationChore,org.apache.hadoop.hbase.quotas.testfilesystemutilizationchore.testignoresplitparents,True,True
4697,35,hbase,OffPeakHours,org.apache.hadoop.hbase.regionserver.compactions.testoffpeakhours.testsetpeakhourtotargettime,False,False
4699,35,hbase,StripeCompactor,org.apache.hadoop.hbase.regionserver.compactions.teststripecompactor.testsizecompactions,False,False
4707,35,hbase,CompactingMemStore,org.apache.hadoop.hbase.regionserver.testcompactingmemstore.testcompaction2buckets,False,False
4723,35,hbase,DefaultStoreEngine,org.apache.hadoop.hbase.regionserver.testdefaultstoreengine.testcustomparts,False,False
4725,35,hbase,FlushLifeCycleTracker,org.apache.hadoop.hbase.regionserver.testflushlifecycletracker.testnotexecuted,False,False
4734,35,hbase,HRegion,org.apache.hadoop.hbase.regionserver.testhregion.testbatchputwithtsslop,False,False
4752,35,hbase,HRegion,org.apache.hadoop.hbase.regionserver.testhregion.testreversescanner_frommemstoreandhfiles_multicfs1,True,True
4773,35,hbase,KeyValueHeap,org.apache.hadoop.hbase.regionserver.testkeyvalueheap.testsorted,False,False
4775,35,hbase,MetricsRegionServer,org.apache.hadoop.hbase.regionserver.testmetricsregionserver.testpausemonitor,False,False
4776,35,hbase,MetricsRegionServerSourceImpl,org.apache.hadoop.hbase.regionserver.testmetricsregionserversourceimpl.testgetinstance,False,False
4781,35,hbase,MobStoreScanner,org.apache.hadoop.hbase.regionserver.testmobstorescanner.testmobstorescanner,True,True
4790,35,hbase,SplitLogWorker,org.apache.hadoop.hbase.regionserver.testsplitlogworker.testpreempttask,False,False
4800,35,hbase,StripeStoreFileManager,org.apache.hadoop.hbase.regionserver.teststripestorefilemanager.testemptyresultsforstripes,True,True
4807,35,hbase,Compressor,org.apache.hadoop.hbase.regionserver.wal.testcompressor.testnegativetoshort,False,False
4810,35,hbase,SyncFuture,org.apache.hadoop.hbase.regionserver.wal.testsyncfuture.testget,False,False
4822,35,hbase,WALEntryStream,org.apache.hadoop.hbase.replication.regionserver.testwalentrystream.testreadbeyondcommittedlength,False,False
4845,35,hbase,AccessController,org.apache.hadoop.hbase.security.access.testaccesscontroller.testgetlocks,True,True
4851,35,hbase,AccessController,org.apache.hadoop.hbase.security.access.testaccesscontroller.testremotelocks,True,False
4865,35,hbase,HBaseSaslRpcClient,org.apache.hadoop.hbase.security.testhbasesaslrpcclient.testsaslclientcallbackhandlerwithexception,False,False
4871,35,hbase,ProtobufUtil,org.apache.hadoop.hbase.shaded.protobuf.testprotobufutil.testnamespacelockinfo,False,False
4873,35,hbase,ProtobufUtil,org.apache.hadoop.hbase.shaded.protobuf.testprotobufutil.testserverlockinfo,False,False
4914,35,hbase,PerformanceEvaluation,org.apache.hadoop.hbase.testperformanceevaluation.testparseoptsmultiputs,False,False
4924,35,hbase,ThriftServer,org.apache.hadoop.hbase.thrift.testthriftserver.dotesttablemutations,False,False
4927,35,hbase,ThriftHBaseServiceHandler,org.apache.hadoop.hbase.thrift2.testthrifthbaseservicehandler.testconsistency,False,False
4932,35,hbase,ThriftHBaseServiceHandler,org.apache.hadoop.hbase.thrift2.testthrifthbaseservicehandler.testmetrics,False,False
4934,35,hbase,ThriftHBaseServiceHandler,org.apache.hadoop.hbase.thrift2.testthrifthbaseservicehandler.testmutaterow,False,False
4936,35,hbase,CoprocessorValidator,org.apache.hadoop.hbase.tool.coprocessor.coprocessorvalidatortest.testnosuchclass,False,False
4945,35,hbase,TerminatedWrapper,org.apache.hadoop.hbase.types.testterminatedwrapper.testnulldelimiter,False,False
4967,35,hbase,Bytes,org.apache.hadoop.hbase.util.testbytes.testincrementbytes,False,False
4969,35,hbase,Bytes,org.apache.hadoop.hbase.util.testbytes.testshort,False,False
4972,35,hbase,Bytes,org.apache.hadoop.hbase.util.testbytes.teststartswith,False,False
4976,35,hbase,Bytes,org.apache.hadoop.hbase.util.testbytes.testunsignedbinarysearch,False,False
4982,35,hbase,DynamicClassLoader,org.apache.hadoop.hbase.util.testdynamicclassloader.testloadclassfromlocalpathwithdynamicdiroff,False,False
4987,35,hbase,FSHDFSUtils,org.apache.hadoop.hbase.util.testfshdfsutils.testrecoverlease,True,True
4993,35,hbase,HFileArchiveUtil,org.apache.hadoop.hbase.util.testhfilearchiveutil.testgetarchivepath,True,True
5012,35,hbase,RetryCounter,org.apache.hadoop.hbase.util.testretrycounter.testbasics,False,False
5025,35,hbase,ZKConfig,org.apache.hadoop.hbase.zookeeper.testzkconfig.testclusterkey,False,False
5031,35,hbase,HelloHBase,org.apache.hbase.archetypes.exemplars.client.testhellohbase.testnamespaceexists,False,False
5032,35,hbase,HelloHBase,org.apache.hbase.archetypes.exemplars.shaded_client.testhellohbase.testdeleterow,False,False
4309,35,hbase,BackupManager,org.apache.hadoop.hbase.backup.testbackupmanager.teststartbackupexclusiveoperation,False,False
4310,35,hbase,BackupSystemTable,org.apache.hadoop.hbase.backup.testbackupsystemtable.createbackupinfolist,False,False
4346,35,hbase,Attributes,org.apache.hadoop.hbase.client.testattributes.testscanid,False,False
4353,35,hbase,ConnectionImplementation,org.apache.hadoop.hbase.client.testconnectionimplementation.testadminfactory,False,False
4357,35,hbase,ConnectionImplementation,org.apache.hadoop.hbase.client.testconnectionimplementation.testmulti,False,False
4365,35,hbase,ReversedScannerCallable,org.apache.hadoop.hbase.client.testreversedscannercallable.testprepareusescache,False,False
4398,35,hbase,Filter,org.apache.hadoop.hbase.filter.testfilter.test94filterrowcompatibility,False,False
4422,35,hbase,MultipleColumnPrefixFilter,org.apache.hadoop.hbase.filter.testmultiplecolumnprefixfilter.testmultiplecolumnprefixfilterwithmanyfamilies,False,False
4468,35,hbase,HFile,org.apache.hadoop.hbase.io.hfile.testhfile.testshortmidpointsamequal,True,True
4478,35,hbase,LruBlockCache,org.apache.hadoop.hbase.io.hfile.testlrublockcache.testcacheevictiontwopriorities,False,False
4491,35,hbase,CellBlockBuilder,org.apache.hadoop.hbase.ipc.testcellblockbuilder.testbuildcellblock,False,False
4497,35,hbase,SimpleRpcScheduler,org.apache.hadoop.hbase.ipc.testsimplerpcscheduler.testsoftandhardqueuelimits,False,False
4534,35,hbase,TableMapReduceUtil,org.apache.hadoop.hbase.mapreduce.testtablemapreduceutil.testinittablemapperjob3,False,False
4540,35,hbase,MergeTableRegionsProcedure,org.apache.hadoop.hbase.master.assignment.testmergetableregionsprocedure.testmergetworegions,False,False
4564,35,hbase,LockProcedure,org.apache.hadoop.hbase.master.locking.testlockprocedure.testlockrequestvalidationemptynamespacename,False,False
4572,35,hbase,CreateNamespaceProcedure,org.apache.hadoop.hbase.master.procedure.testcreatenamespaceprocedure.testcreatesystemnamespace,False,False
4582,35,hbase,MasterProcedureScheduler,org.apache.hadoop.hbase.master.procedure.testmasterprocedurescheduler.testverifyregionlocks,False,False
4584,35,hbase,MasterProcedureScheduler,org.apache.hadoop.hbase.master.procedure.testmasterprocedurescheduler.testverifysubprocregionlocks,False,False
4609,35,hbase,TableStateManager,org.apache.hadoop.hbase.master.testtablestatemanager.testmigration,False,False
4626,35,hbase,DefaultMobStoreFlusher,org.apache.hadoop.hbase.mob.testdefaultmobstoreflusher.testflushnonmobfile,True,True
4630,35,hbase,MobFileName,org.apache.hadoop.hbase.mob.testmobfilename.testget,True,True
4643,35,hbase,ProcedureStoreTracker,org.apache.hadoop.hbase.procedure2.store.testprocedurestoretracker.testsetdeletedifset,False,False
4661,35,hbase,NoInsertsViolationPolicyEnforcement,org.apache.hadoop.hbase.quotas.policies.testnoinsertsviolationpolicyenforcement.testcheckappend,False,False
4666,35,hbase,NoWritesViolationPolicyEnforcement,org.apache.hadoop.hbase.quotas.policies.testnowritesviolationpolicyenforcement.testcheckappend,False,False
4676,35,hbase,FileSystemUtilizationChore,org.apache.hadoop.hbase.quotas.testfilesystemutilizationchore.testprocessingleftoverregions,True,True
4704,35,hbase,UserScanQueryMatcher,org.apache.hadoop.hbase.regionserver.querymatcher.testuserscanquerymatcher.testmatch_wildcard,False,False
4706,35,hbase,ClusterId,org.apache.hadoop.hbase.regionserver.testclusterid.testrewritingclusteridtopb,True,True
4711,35,hbase,DataBlockEncodingTool,org.apache.hadoop.hbase.regionserver.testdatablockencodingtool.testhfileallcellswithtags,True,True
4722,35,hbase,DefaultMemStore,org.apache.hadoop.hbase.regionserver.testdefaultmemstore.testupdatetotimeofoldestedit,False,False
4748,35,hbase,HRegion,org.apache.hadoop.hbase.regionserver.testhregion.testgetwhileregionclose,False,False
4755,35,hbase,HRegion,org.apache.hadoop.hbase.regionserver.testhregion.testscanner_deleteonefamilynotanother,False,False
4761,35,hbase,HRegion,org.apache.hadoop.hbase.regionserver.testhregion.testwriteswhilescanning,True,True
4763,35,hbase,HStore,org.apache.hadoop.hbase.regionserver.testhstore.testcreatescannerandsnapshotconcurrently,False,False
4777,35,hbase,MetricsRegionServerSourceImpl,org.apache.hadoop.hbase.regionserver.testmetricsregionserversourceimpl.testnogetregionservermetricssourceimpl,False,False
4783,35,hbase,RegionInfoBuilder,org.apache.hadoop.hbase.regionserver.testregioninfobuilder.testbuilder,False,False
4789,35,hbase,ServerNonceManager,org.apache.hadoop.hbase.regionserver.testservernoncemanager.testnoendwithoutstart,False,False
4811,35,hbase,WALActionsListener,org.apache.hadoop.hbase.regionserver.wal.testwalactionslistener.testactionlistener,False,False
4813,35,hbase,MetricsReplicationSourceFactoryImpl,org.apache.hadoop.hbase.replication.regionserver.testmetricsreplicationsourcefactoryimpl.testgetinstance,False,False
4818,35,hbase,ReplicationSinkManager,org.apache.hadoop.hbase.replication.regionserver.testreplicationsinkmanager.testreportbadsink_pastthreshold,False,False
4821,35,hbase,SerialReplicationChecker,org.apache.hadoop.hbase.replication.regionserver.testserialreplicationchecker.testcanpushequalstobarrier,False,False
4826,35,hbase,ReplicationStatus,org.apache.hadoop.hbase.replication.testreplicationstatus.testreplicationstatus,False,False
4830,35,hbase,ScannerModel,org.apache.hadoop.hbase.rest.model.testscannermodel.tesincorrecttfilterthrowsjpe,False,False
4839,35,hbase,TableResource,org.apache.hadoop.hbase.rest.testtableresource.testtablelistxml,False,False
4843,35,hbase,AccessController,org.apache.hadoop.hbase.security.access.testaccesscontroller.testcompact,True,False
4858,35,hbase,AccessController,org.apache.hadoop.hbase.security.access.testaccesscontroller.testwrite,False,False
4867,35,hbase,ZKSecretWatcher,org.apache.hadoop.hbase.security.token.testzksecretwatcher.testkeyupdate,False,False
4872,35,hbase,ProtobufUtil,org.apache.hadoop.hbase.shaded.protobuf.testprotobufutil.testput,False,False
4900,35,hbase,IndividualBytesFieldCell,org.apache.hadoop.hbase.testindividualbytesfieldcell.testillegalvalue,False,False
4906,35,hbase,KeyValue,org.apache.hadoop.hbase.testkeyvalue.testgettimestamp,False,False
4908,35,hbase,KeyValue,org.apache.hadoop.hbase.testkeyvalue.testmetacomparatortablekeyswithcommaok,False,False
4916,35,hbase,PerformanceEvaluation,org.apache.hadoop.hbase.testperformanceevaluation.testserialization,False,False
4917,35,hbase,RegionLoad,org.apache.hadoop.hbase.testregionload.testregionload,False,False
4941,35,hbase,LoadIncrementalHFiles,org.apache.hadoop.hbase.tool.testloadincrementalhfiles.testsplitstorefilewithnonetonone,True,True
4944,35,hbase,OrderedString,org.apache.hadoop.hbase.types.testorderedstring.testencodedlength,False,False
4960,35,hbase,ByteBufferUtils,org.apache.hadoop.hbase.util.testbytebufferutils.testrelativecopyfrombuffertobuffer,False,False
5000,35,hbase,OrderedBytes,org.apache.hadoop.hbase.util.testorderedbytes.testnumericintrealcompatibility,False,False
5011,35,hbase,RegionSplitter,org.apache.hadoop.hbase.util.testregionsplitter.unittesthexstringsplit,False,False
5015,35,hbase,FSHLogProvider,org.apache.hadoop.hbase.wal.testfshlogprovider.setmembershipdedups,False,False
5016,35,hbase,FSHLogProvider,org.apache.hadoop.hbase.wal.testfshlogprovider.testconcurrentwrites,False,False
5021,35,hbase,WALFactory,org.apache.hadoop.hbase.wal.testwalfactory.testwalproviders,False,False
5022,35,hbase,HQuorumPeer,org.apache.hadoop.hbase.zookeeper.testhquorumpeer.testmakezkprops,False,False
5026,35,hbase,ZKConfig,org.apache.hadoop.hbase.zookeeper.testzkconfig.testclusterkeywithmultipleports,False,False
4313,35,hbase,BackupSystemTable,org.apache.hadoop.hbase.backup.testbackupsystemtable.testbackupsetaddnotexists,False,False
4326,35,hbase,AsyncProcess,org.apache.hadoop.hbase.client.testasyncprocess.testfailandsuccess,False,False
4332,35,hbase,AsyncProcess,org.apache.hadoop.hbase.client.testasyncprocess.testsubmit,False,False
4343,35,hbase,Attributes,org.apache.hadoop.hbase.client.testattributes.testdeleteattributes,False,False
4348,35,hbase,ClientScanner,org.apache.hadoop.hbase.client.testclientscanner.testnomoreresults,False,False
4354,35,hbase,ConnectionImplementation,org.apache.hadoop.hbase.client.testconnectionimplementation.testclosing,False,False
4372,35,hbase,TableDescriptorBuilder,org.apache.hadoop.hbase.client.testtabledescriptorbuilder.testgetmaxfilesize,True,True
4373,35,hbase,TableDescriptorBuilder,org.apache.hadoop.hbase.client.testtabledescriptorbuilder.testsetlistremovecp,False,False
4374,35,hbase,TableSnapshotScanner,org.apache.hadoop.hbase.client.testtablesnapshotscanner.testscannerwithrestorescanner,False,False
4376,35,hbase,CellCodec,org.apache.hadoop.hbase.codec.testcellcodec.testone,False,False
4383,35,hbase,MasterObserver,org.apache.hadoop.hbase.coprocessor.testmasterobserver.testnamespaceoperations,False,False
4385,35,hbase,MasterObserver,org.apache.hadoop.hbase.coprocessor.testmasterobserver.testtablenamesenumeration,False,False
4387,35,hbase,ForeignExceptionDispatcher,org.apache.hadoop.hbase.errorhandling.testforeignexceptiondispatcher.testerrorpropagation,False,False
4391,35,hbase,BigDecimalComparator,org.apache.hadoop.hbase.filter.testbigdecimalcomparator.testgreaterthanvalue,False,False
4392,35,hbase,BigDecimalComparator,org.apache.hadoop.hbase.filter.testbigdecimalcomparator.testobjectequals,False,False
4409,35,hbase,FilterList,org.apache.hadoop.hbase.filter.testfilterlist.testmpone,False,False
4414,35,hbase,FilterList,org.apache.hadoop.hbase.filter.testfilterlist.testshouldpasscurrentcelltofilter,False,False
4417,35,hbase,FuzzyRowFilter,org.apache.hadoop.hbase.filter.testfuzzyrowfilter.testsatisfiesforward,False,False
4421,35,hbase,LongComparator,org.apache.hadoop.hbase.filter.testlongcomparator.testsimple,False,False
4436,35,hbase,ParseFilter,org.apache.hadoop.hbase.filter.testparsefilter.testinclusivestopfilter,False,False
4447,35,hbase,StaticUserWebFilter,org.apache.hadoop.hbase.http.lib.teststaticuserwebfilter.testconfiguration,False,False
4450,35,hbase,HttpRequestLog,org.apache.hadoop.hbase.http.testhttprequestlog.testappenderundefined,False,False
4460,35,hbase,BucketCache,org.apache.hadoop.hbase.io.hfile.bucket.testbucketcache.testmemoryleak,False,False
4470,35,hbase,HFileBlock,org.apache.hadoop.hbase.io.hfile.testhfileblock.testgzipcompression,False,False
4481,35,hbase,FileLink,org.apache.hadoop.hbase.io.testfilelink.testequals,True,True
4516,35,hbase,ImportTsv,org.apache.hadoop.hbase.mapreduce.testimporttsv.testdrymodewithbulkoutputandtabledoesnotexistscreatetablesettono,False,False
4528,35,hbase,SyncTable,org.apache.hadoop.hbase.mapreduce.testsynctable.testsynctabledodeletesfalse,False,False
4533,35,hbase,TableMapReduceUtil,org.apache.hadoop.hbase.mapreduce.testtablemapreduceutil.testinittablemapperjob2,False,False
4555,35,hbase,CleanerChore,org.apache.hadoop.hbase.master.cleaner.testcleanerchore.teststoppedcleanerdoesnotdeletefiles,True,True
4560,35,hbase,ReplicationBarrierCleaner,org.apache.hadoop.hbase.master.cleaner.testreplicationbarriercleaner.testnothing,False,False
4571,35,hbase,CreateNamespaceProcedure,org.apache.hadoop.hbase.master.procedure.testcreatenamespaceprocedure.testcreatesamenamespacetwice,False,False
4574,35,hbase,CreateTableProcedure,org.apache.hadoop.hbase.master.procedure.testcreatetableprocedure.testrollbackanddoubleexecutiononmobtable,False,False
4577,35,hbase,EnableTableProcedure,org.apache.hadoop.hbase.master.procedure.testenabletableprocedure.testenablenondisabledtable,False,False
4579,35,hbase,MasterProcedureScheduler,org.apache.hadoop.hbase.master.procedure.testmasterprocedurescheduler.testlistlockspeer,False,False
4591,35,hbase,TruncateTableProcedure,org.apache.hadoop.hbase.master.procedure.testtruncatetableprocedure.testonhdfsfailurenopreservesplits,False,False
4594,35,hbase,SnapshotHFileCleaner,org.apache.hadoop.hbase.master.snapshot.testsnapshothfilecleaner.testcorrupteddatamanifest,True,True
4600,35,hbase,DeadServer,org.apache.hadoop.hbase.master.testdeadserver.testisdead,False,False
4605,35,hbase,MetricsMasterSourceImpl,org.apache.hadoop.hbase.master.testmetricsmastersourceimpl.testgetinstance,False,False
4613,35,hbase,MetricRegistryImpl,org.apache.hadoop.hbase.metrics.impl.testmetricregistryimpl.testregister,False,False
4617,35,hbase,MobCompactor,org.apache.hadoop.hbase.mob.compactions.testmobcompactor.testcompactionwithhfilelink,True,True
4621,35,hbase,PartitionedMobCompactionRequest,org.apache.hadoop.hbase.mob.compactions.testpartitionedmobcompactionrequest.testcompactedpartitionid,False,False
4622,35,hbase,PartitionedMobCompactor,org.apache.hadoop.hbase.mob.compactions.testpartitionedmobcompactor.testcompactfileswithmultidelfiles,True,True
4624,35,hbase,PartitionedMobCompactor,org.apache.hadoop.hbase.mob.compactions.testpartitionedmobcompactor.testcompactionselectpartfilesweeklypolicy,True,True
4639,35,hbase,ProcedureCoordinator,org.apache.hadoop.hbase.procedure.testprocedurecoordinator.testunreachablecontrollerduringcommit,False,False
4655,35,hbase,ProcedureUtil,org.apache.hadoop.hbase.procedure2.testprocedureutil.testgetbackofftimems,False,False
4658,35,hbase,ProtobufUtil,org.apache.hadoop.hbase.protobuf.testprotobufutil.testdelete,False,False
4671,35,hbase,ActivePolicyEnforcement,org.apache.hadoop.hbase.quotas.testactivepolicyenforcement.testnoquotareturnssingletonpolicyenforcement,False,False
4683,35,hbase,QuotaSettingsFactory,org.apache.hadoop.hbase.quotas.testquotasettingsfactory.testspacelimitsettings,False,False
4686,35,hbase,QuotaState,org.apache.hadoop.hbase.quotas.testquotastate.testtablethrottlewithbatch,False,False
4687,35,hbase,QuotaTableUtil,org.apache.hadoop.hbase.quotas.testquotatableutil.testnamespacequotautil,False,False
4688,35,hbase,RateLimiter,org.apache.hadoop.hbase.quotas.testratelimiter.testcanexecuteoffixedintervalratelimiter,False,False
4690,35,hbase,RateLimiter,org.apache.hadoop.hbase.quotas.testratelimiter.testunconfiguredlimiters,False,False
4702,35,hbase,ScanDeleteTracker,org.apache.hadoop.hbase.regionserver.querymatcher.testscandeletetracker.testdeletekeepdelete,False,False
4729,35,hbase,HMobStore,org.apache.hadoop.hbase.regionserver.testhmobstore.testmobstoreencryption,True,True
4733,35,hbase,HRegion,org.apache.hadoop.hbase.regionserver.testhregion.testbatchput_whilenorowlocksheld,False,False
4736,35,hbase,HRegion,org.apache.hadoop.hbase.regionserver.testhregion.testcheckandmutate_withwrongvalue,False,False
4738,35,hbase,HRegion,org.apache.hadoop.hbase.regionserver.testhregion.testclosewithfailingflush,True,True
4744,35,hbase,HRegion,org.apache.hadoop.hbase.regionserver.testhregion.testget_empty,False,False
4751,35,hbase,HRegion,org.apache.hadoop.hbase.regionserver.testhregion.testreversescanner_frommemstore_singlecf_fullscan,False,False
4765,35,hbase,HStore,org.apache.hadoop.hbase.regionserver.testhstore.testreclaimchunkwhenscaning,False,False
4778,35,hbase,MetricsRegionSourceImpl,org.apache.hadoop.hbase.regionserver.testmetricsregionsourceimpl.testnogetregionservermetricssourceimpl,False,False
4784,35,hbase,RegionInfoBuilder,org.apache.hadoop.hbase.regionserver.testregioninfobuilder.testmetatables,False,False
4786,35,hbase,RegionSplitPolicy,org.apache.hadoop.hbase.regionserver.testregionsplitpolicy.testconstantsizepolicy,True,True
4788,35,hbase,RSStatusServlet,org.apache.hadoop.hbase.regionserver.testrsstatusservlet.testwithregions,False,False
4793,35,hbase,StoreScanner,org.apache.hadoop.hbase.regionserver.teststorescanner.testdeletedrowthengoodrow,False,False
4801,35,hbase,StripeStoreFileManager,org.apache.hadoop.hbase.regionserver.teststripestorefilemanager.testgetstripeboundarysplits,False,False
4805,35,hbase,AbstractFSWAL,org.apache.hadoop.hbase.regionserver.wal.abstracttestfswal.testwalcomparator,True,True
4809,35,hbase,SequenceIdAccounting,org.apache.hadoop.hbase.regionserver.wal.testsequenceidaccounting.testarealllower,False,False
4819,35,hbase,ReplicationSource,org.apache.hadoop.hbase.replication.regionserver.testreplicationsource.testrecoveredreplicationsourceshippergetposition,False,False
4827,35,hbase,VerifyReplication,org.apache.hadoop.hbase.replication.testverifyreplication.testhbase14905,False,False
4847,35,hbase,AccessController,org.apache.hadoop.hbase.security.access.testaccesscontroller.testgetuserpermissions,False,False
4853,35,hbase,AccessController,org.apache.hadoop.hbase.security.access.testaccesscontroller.testtabledelete,True,True
4857,35,hbase,AccessController,org.apache.hadoop.hbase.security.access.testaccesscontroller.testunassign,True,True
4864,35,hbase,EncryptionUtil,org.apache.hadoop.hbase.security.testencryptionutil.testwalkeywrappingwithincorrectkey,False,False
4881,35,hbase,CellComparator,org.apache.hadoop.hbase.testcellcomparator.testmetacomparisons,False,False
4886,35,hbase,ChoreService,org.apache.hadoop.hbase.testchoreservice.testscheduledchoreconstruction,False,False
4892,35,hbase,CompoundConfiguration,org.apache.hadoop.hbase.testcompoundconfiguration.testwithibwmap,False,False
4894,35,hbase,HColumnDescriptor,org.apache.hadoop.hbase.testhcolumndescriptor.testsettimetolive,False,False
4902,35,hbase,KeyValue,org.apache.hadoop.hbase.testkeyvalue.testbasics,False,False
4926,35,hbase,ThriftHBaseServiceHandler,org.apache.hadoop.hbase.thrift2.testthrifthbaseservicehandler.testattribute,False,False
4929,35,hbase,ThriftHBaseServiceHandler,org.apache.hadoop.hbase.thrift2.testthrifthbaseservicehandler.testdeletemultiple,False,False
4939,35,hbase,LoadIncrementalHFiles,org.apache.hadoop.hbase.tool.testloadincrementalhfiles.testregioncrossinghfilesplitrowcolbloom,True,True
4942,35,hbase,LoadIncrementalHFiles,org.apache.hadoop.hbase.tool.testloadincrementalhfiles.testwithoutanexistingtableandcreatetablesettono,True,True
4961,35,hbase,ByteBufferUtils,org.apache.hadoop.hbase.util.testbytebufferutils.testtoprimitivetypes,False,False
4963,35,hbase,Bytes,org.apache.hadoop.hbase.util.testbytes.testadd,False,False
4974,35,hbase,Bytes,org.apache.hadoop.hbase.util.testbytes.testtoint,False,False
4983,35,hbase,Encryption,org.apache.hadoop.hbase.util.testencryptiontest.testtestcipher,False,False
4985,35,hbase,FSHDFSUtils,org.apache.hadoop.hbase.util.testfshdfsutils.testisfileclosed,True,True
4992,35,hbase,FSUtils,org.apache.hadoop.hbase.util.testfsutils.testcopyfilesparallel,True,True
4995,35,hbase,JRubyFormat,org.apache.hadoop.hbase.util.testjrubyformat.testescape,False,False
4998,35,hbase,LossyCounting,org.apache.hadoop.hbase.util.testlossycounting.testbucketsize,False,False
5001,35,hbase,OrderedBytes,org.apache.hadoop.hbase.util.testorderedbytes.teststring,False,False
5003,35,hbase,RegionMover,org.apache.hadoop.hbase.util.testregionmover.testloadwithack,False,False
5009,35,hbase,RegionSplitCalculator,org.apache.hadoop.hbase.util.testregionsplitcalculator.testsplitcalculatoreq,False,False
5030,35,hbase,ZKUtil,org.apache.hadoop.hbase.zookeeper.testzkutil.testsetdatawithversion,False,False
4317,35,hbase,AsyncClientExample,org.apache.hadoop.hbase.client.example.testasyncclientexample.test,False,False
4349,35,hbase,ClientScanner,org.apache.hadoop.hbase.client.testclientscanner.testsizelimit,False,False
4364,35,hbase,Result,org.apache.hadoop.hbase.client.testresult.testadvancetwiceonemptycell,False,False
4389,35,hbase,FavoredNodeAssignmentHelper,org.apache.hadoop.hbase.favored.testfavorednodeassignmenthelper.testconstrainedplacement,False,False
4395,35,hbase,BitComparator,org.apache.hadoop.hbase.filter.testbitcomparator.testxoroperation,False,False
4397,35,hbase,DependentColumnFilter,org.apache.hadoop.hbase.filter.testdependentcolumnfilter.testfilterdropping,False,False
4402,35,hbase,Filter,org.apache.hadoop.hbase.filter.testfilter.testpagefilter,False,False
4415,35,hbase,FilterWrapper,org.apache.hadoop.hbase.filter.testfilterwrapper.testfilterwrapper,False,False
4425,35,hbase,MultiRowRangeFilter,org.apache.hadoop.hbase.filter.testmultirowrangefilter.testmergeandsortwithemptystoprow,False,False
4456,35,hbase,KeyProvider,org.apache.hadoop.hbase.io.crypto.testkeyprovider.testtestprovider,False,False
4463,35,hbase,BucketCache,org.apache.hadoop.hbase.io.hfile.bucket.testbucketcache.testvalidbucketcacheconfigs,False,False
4467,35,hbase,HFile,org.apache.hadoop.hbase.io.hfile.testhfile.testcorrupt0lengthhfile,True,True
4487,35,hbase,TagCompressionContext,org.apache.hadoop.hbase.io.testtagcompressioncontext.testcompressuncompresstagswithoffheapkeyvalue2,True,False
4493,35,hbase,IPCUtil,org.apache.hadoop.hbase.ipc.testipcutil.testwrapexception,False,False
4510,35,hbase,HFileOutputFormat2,org.apache.hadoop.hbase.mapreduce.testhfileoutputformat2.testexcludeallfromminorcompaction,False,False
4543,35,hbase,SplitTableRegionProcedure,org.apache.hadoop.hbase.master.assignment.testsplittableregionprocedure.testsplitwithoutponr,False,False
4545,35,hbase,BaseLoadBalancer,org.apache.hadoop.hbase.master.balancer.testbaseloadbalancer.testrandomassignment,False,False
4557,35,hbase,HFileCleaner,org.apache.hadoop.hbase.master.cleaner.testhfilecleaner.testremovesemptydirectories,True,True
4568,35,hbase,SimpleRegionNormalizer,org.apache.hadoop.hbase.master.normalizer.testsimpleregionnormalizer.testsplitoflargeregion,False,False
4570,35,hbase,CreateNamespaceProcedure,org.apache.hadoop.hbase.master.procedure.testcreatenamespaceprocedure.testcreatenamespacewithinvalidregioncount,False,False
4580,35,hbase,MasterProcedureScheduler,org.apache.hadoop.hbase.master.procedure.testmasterprocedurescheduler.testrootxlockandchildrenxlock,False,False
4583,35,hbase,MasterProcedureScheduler,org.apache.hadoop.hbase.master.procedure.testmasterprocedurescheduler.testverifyrwlocks,False,False
4592,35,hbase,TruncateTableProcedure,org.apache.hadoop.hbase.master.procedure.testtruncatetableprocedure.testrecoveryanddoubleexecutionnopreservesplits,False,False
4597,35,hbase,ActiveMasterManager,org.apache.hadoop.hbase.master.testactivemastermanager.testrestartmaster,False,False
4601,35,hbase,DeadServer,org.apache.hadoop.hbase.master.testdeadserver.testsortextract,False,False
4606,35,hbase,RegionPlan,org.apache.hadoop.hbase.master.testregionplan.testequals,False,False
4608,35,hbase,SplitLogManager,org.apache.hadoop.hbase.master.testsplitlogmanager.testmultipleresubmits,False,False
4619,35,hbase,MobCompactor,org.apache.hadoop.hbase.mob.compactions.testmobcompactor.testmajorcompactionwithweeklyfollowedbymonthly,False,False
4646,35,hbase,WALProcedureStore,org.apache.hadoop.hbase.procedure2.store.wal.testwalprocedurestore.testcorruptedtrailer,True,True
4649,35,hbase,WALProcedureStore,org.apache.hadoop.hbase.procedure2.store.wal.testwalprocedurestore.testwalcleanersequentialclean,True,True
4654,35,hbase,ProcedureMetrics,org.apache.hadoop.hbase.procedure2.testproceduremetrics.testmetricforfailedyiledprocedure,False,False
4662,35,hbase,NoInsertsViolationPolicyEnforcement,org.apache.hadoop.hbase.quotas.policies.testnoinsertsviolationpolicyenforcement.testcheckput,False,False
4663,35,hbase,NoWritesCompactionsViolationPolicyEnforcement,org.apache.hadoop.hbase.quotas.policies.testnowritescompactionsviolationpolicyenforcement.testcheckappend,False,False
4670,35,hbase,ActivePolicyEnforcement,org.apache.hadoop.hbase.quotas.testactivepolicyenforcement.testnopolicyreturnsnoopenforcement,False,False
4674,35,hbase,FileSystemUtilizationChore,org.apache.hadoop.hbase.quotas.testfilesystemutilizationchore.testnonhfilesareignored,True,True
4679,35,hbase,MasterQuotasObserver,org.apache.hadoop.hbase.quotas.testmasterquotasobserver.testnamespacerpcquotaremoved,False,False
4684,35,hbase,QuotaState,org.apache.hadoop.hbase.quotas.testquotastate.testquotastateupdateglobalthrottle,False,False
4709,35,hbase,CompactionLifeCycleTracker,org.apache.hadoop.hbase.regionserver.testcompactionlifecycletracker.testrequestonstore,False,False
4727,35,hbase,HeapMemoryManager,org.apache.hadoop.hbase.regionserver.testheapmemorymanager.testwhencombinedheapsizesfromtunergoesoutsidemaxlimit,False,False
4756,35,hbase,HRegion,org.apache.hadoop.hbase.regionserver.testhregion.testscanner_wildcard_frommemstore_enforceversions,False,False
4759,35,hbase,HRegion,org.apache.hadoop.hbase.regionserver.testhregion.teststatussettingtoabortifanyexceptionduringregioninitilization,True,True
4766,35,hbase,HStore,org.apache.hadoop.hbase.regionserver.testhstore.testrefreshstorefilesnotchanged,True,True
4797,35,hbase,StoreScanner,org.apache.hadoop.hbase.regionserver.teststorescanner.testwildcardscannerunderdeletes,False,False
4802,35,hbase,StripeStoreFileManager,org.apache.hadoop.hbase.regionserver.teststripestorefilemanager.testloadfileswithgaps,True,True
4817,35,hbase,ReplicationSinkManager,org.apache.hadoop.hbase.replication.regionserver.testreplicationsinkmanager.testchoosesinks_lessthanratioavailable,False,False
4823,35,hbase,ReplicationEndpoint,org.apache.hadoop.hbase.replication.testreplicationendpoint.testinterclusterreplication,False,False
4831,35,hbase,ScannerModel,org.apache.hadoop.hbase.rest.model.testscannermodel.testexistingfilter,False,False
4832,35,hbase,GZIPResponseWrapper,org.apache.hadoop.hbase.rest.testgzipresponsewrapper.testreset,False,False
4903,35,hbase,KeyValue,org.apache.hadoop.hbase.testkeyvalue.testbinarykeys,False,False
4904,35,hbase,KeyValue,org.apache.hadoop.hbase.testkeyvalue.testcolumncompare_prefix,False,False
4915,35,hbase,PerformanceEvaluation,org.apache.hadoop.hbase.testperformanceevaluation.testparseoptswrongthreads,False,False
4925,35,hbase,ThriftHBaseServiceHandler,org.apache.hadoop.hbase.thrift2.testthrifthbaseservicehandler.testappend,False,False
4950,35,hbase,MajorCompactionRequest,org.apache.hadoop.hbase.util.compaction.testmajorcompactionrequest.testifwehavenewreferencefilesbutoldstorefiles,False,False
4958,35,hbase,ByteBufferUtils,org.apache.hadoop.hbase.util.testbytebufferutils.testequals,False,False
4979,35,hbase,Compression,org.apache.hadoop.hbase.util.testcompressiontest.testtestcompression,False,False
4986,35,hbase,FSHDFSUtils,org.apache.hadoop.hbase.util.testfshdfsutils.testissamehdfs,True,True
5014,35,hbase,WeakObjectPool,org.apache.hadoop.hbase.util.testweakobjectpool.testweakreference,False,False
