,idProject,nameProject,productionClass,testCase,isMysteryGuest,isMysteryGuestManual,prediction
18,35.0,hbase,AsyncProcess,org.apache.hadoop.hbase.client.testasyncprocess.testfailandsuccess,False,False,True
29,35.0,hbase,AsyncSingleRequestRpcRetryingCaller,org.apache.hadoop.hbase.client.testasyncsinglerequestrpcretryingcaller.testmaxretries,False,False,True
34,35.0,hbase,AsyncTable,org.apache.hadoop.hbase.client.testasynctable.testsimplemultiple,False,False,True
40,35.0,hbase,ClientScanner,org.apache.hadoop.hbase.client.testclientscanner.testnomoreresults,False,False,True
58,35.0,hbase,Scan,org.apache.hadoop.hbase.client.testscan.testgettoscan,False,False,True
70,35.0,hbase,KeyValueCodecWithTags,org.apache.hadoop.hbase.codec.testkeyvaluecodecwithtags.testkeyvaluewithtag,False,False,True
73,35.0,hbase,Constraint,org.apache.hadoop.hbase.constraint.testconstraint.testisunloaded,False,False,True
80,35.0,hbase,TimeoutExceptionInjector,org.apache.hadoop.hbase.errorhandling.testtimeoutexceptioninjector.testtimerpassesonerrorinfo,False,False,True
92,35.0,hbase,Filter,org.apache.hadoop.hbase.filter.testfilter.testkeyonlyfilter,False,False,True
94,35.0,hbase,Filter,org.apache.hadoop.hbase.filter.testfilter.testpagefilter,False,False,True
109,35.0,hbase,FuzzyRowFilter,org.apache.hadoop.hbase.filter.testfuzzyrowfilter.testsatisfiesforward,False,False,True
116,35.0,hbase,MultiRowRangeFilter,org.apache.hadoop.hbase.filter.testmultirowrangefilter.testmergeandsortwithemptystartrowandstoprow,False,False,True
123,35.0,hbase,NullComparator,org.apache.hadoop.hbase.filter.testnullcomparator.testemptyvalue,False,False,True
127,35.0,hbase,ParseFilter,org.apache.hadoop.hbase.filter.testparsefilter.testcompoundfilter5,False,False,True
136,35.0,hbase,ConfServlet,org.apache.hadoop.hbase.http.conf.testconfservlet.testwritejson,False,True,True
146,35.0,hbase,Encryption,org.apache.hadoop.hbase.io.crypto.testencryption.testlargeblocks,False,False,True
161,35.0,hbase,HFileBlock,org.apache.hadoop.hbase.io.hfile.testhfileblock.testdatablockencoding,False,False,True
171,35.0,hbase,ByteBufferListOutputStream,org.apache.hadoop.hbase.io.testbytebufferlistoutputstream.testwrites,False,False,True
177,35.0,hbase,HeapSize,org.apache.hadoop.hbase.io.testheapsize.testnativesizes,False,False,True
182,35.0,hbase,CallRunner,org.apache.hadoop.hbase.ipc.testcallrunner.testsimplecall,False,False,True
191,35.0,hbase,GroupingTableMap,org.apache.hadoop.hbase.mapred.testgroupingtablemap.shouldreturnnullfromcreategroupkey,False,False,True
201,35.0,hbase,CopyTable,org.apache.hadoop.hbase.mapreduce.testcopytable.testrenamefamily,False,False,True
205,35.0,hbase,HFileOutputFormat2,org.apache.hadoop.hbase.mapreduce.testhfileoutputformat2.testwritingpedata,True,True,False
209,35.0,hbase,ImportTsv,org.apache.hadoop.hbase.mapreduce.testimporttsv.testdrymodewithoutbulkoutputandtableexists,False,False,True
212,35.0,hbase,RegionSizeCalculator,org.apache.hadoop.hbase.mapreduce.testregionsizecalculator.testdisabled,False,False,True
235,35.0,hbase,SplitTableRegionProcedure,org.apache.hadoop.hbase.master.assignment.testsplittableregionprocedure.testsplitwithoutponr,False,False,True
258,35.0,hbase,SimpleRegionNormalizer,org.apache.hadoop.hbase.master.normalizer.testsimpleregionnormalizer.testmergeofsmallregions,False,False,True
269,35.0,hbase,EnableTableProcedure,org.apache.hadoop.hbase.master.procedure.testenabletableprocedure.testenablenondisabledtable,False,False,True
270,35.0,hbase,MasterProcedureScheduler,org.apache.hadoop.hbase.master.procedure.testmasterprocedurescheduler.testcreatedeletetableoperationswithreadlock,False,False,True
271,35.0,hbase,MasterProcedureScheduler,org.apache.hadoop.hbase.master.procedure.testmasterprocedurescheduler.testlistlockspeer,False,False,True
277,35.0,hbase,MasterProcedureScheduler,org.apache.hadoop.hbase.master.procedure.testmasterprocedurescheduler.testyieldwithsharedlockheld,False,False,True
288,35.0,hbase,ActiveMasterManager,org.apache.hadoop.hbase.master.testactivemastermanager.testactivemastermanagerfromzk,False,False,True
298,35.0,hbase,RegionPlan,org.apache.hadoop.hbase.master.testregionplan.testequals,False,False,True
300,35.0,hbase,SplitLogManager,org.apache.hadoop.hbase.master.testsplitlogmanager.testmultipleresubmits,False,False,True
334,35.0,hbase,ProcedureStoreTracker,org.apache.hadoop.hbase.procedure2.store.testprocedurestoretracker.testpartialtracker,False,False,True
343,35.0,hbase,WALProcedureStore,org.apache.hadoop.hbase.procedure2.store.wal.testwalprocedurestore.testwalcleanerwithemptyrolls,False,True,True
366,35.0,hbase,FileSystemUtilizationChore,org.apache.hadoop.hbase.quotas.testfilesystemutilizationchore.testnonhfilesareignored,True,False,True
372,35.0,hbase,MasterQuotasObserver,org.apache.hadoop.hbase.quotas.testmasterquotasobserver.testnamespacespaceandrpcquotaremoved,False,False,True
390,35.0,hbase,StripeCompactionPolicy,org.apache.hadoop.hbase.regionserver.compactions.teststripecompactionpolicy.testsinglestripedropdeletes,True,True,True
406,35.0,hbase,DateTieredCompactionPolicy,org.apache.hadoop.hbase.regionserver.testdatetieredcompactionpolicy.ratiot2,False,False,True
411,35.0,hbase,DefaultMemStore,org.apache.hadoop.hbase.regionserver.testdefaultmemstore.testretainsdeletefamily,False,False,True
414,35.0,hbase,DefaultMemStore,org.apache.hadoop.hbase.regionserver.testdefaultmemstore.testupdatetotimeofoldestedit,False,False,True
417,35.0,hbase,FlushLifeCycleTracker,org.apache.hadoop.hbase.regionserver.testflushlifecycletracker.testnotexecuted,False,False,True
432,35.0,hbase,HRegion,org.apache.hadoop.hbase.regionserver.testhregion.testdelete_checktimestampupdated,False,True,True
436,35.0,hbase,HRegion,org.apache.hadoop.hbase.regionserver.testhregion.testget_empty,False,True,True
438,35.0,hbase,HRegion,org.apache.hadoop.hbase.regionserver.testhregion.testgetscanner_withnofamilies,False,True,True
464,35.0,hbase,HStoreFile,org.apache.hadoop.hbase.regionserver.testhstorefile.teststorefilereference,True,False,True
468,35.0,hbase,MetricsRegionServerSourceImpl,org.apache.hadoop.hbase.regionserver.testmetricsregionserversourceimpl.testgetinstance,False,False,True
489,35.0,hbase,StoreScanner,org.apache.hadoop.hbase.regionserver.teststorescanner.testwildcardscannerunderdeletes,False,False,True
491,35.0,hbase,StripeStoreFileManager,org.apache.hadoop.hbase.regionserver.teststripestorefilemanager.testcompactionandflushconflict,True,False,True
495,35.0,hbase,StoreHotnessProtector,org.apache.hadoop.hbase.regionserver.throttle.teststorehotnessprotector.testprepareputcounter,False,False,True
496,35.0,hbase,AbstractFSWAL,org.apache.hadoop.hbase.regionserver.wal.abstracttestfswal.testfailedtocreatewalifparentrenamed,True,False,False
498,35.0,hbase,AbstractFSWAL,org.apache.hadoop.hbase.regionserver.wal.abstracttestfswal.testwriteentrycanbenull,False,False,True
499,35.0,hbase,Compressor,org.apache.hadoop.hbase.regionserver.wal.testcompressor.testnegativetoshort,False,False,True
509,35.0,hbase,ReplicationSinkManager,org.apache.hadoop.hbase.replication.regionserver.testreplicationsinkmanager.testchoosesinks_lessthanratioavailable,False,False,True
514,35.0,hbase,WALEntryStream,org.apache.hadoop.hbase.replication.regionserver.testwalentrystream.testreadbeyondcommittedlength,False,False,True
517,35.0,hbase,ReplicationEndpoint,org.apache.hadoop.hbase.replication.testreplicationendpoint.testwalentryfilteraddvalidation,False,False,True
521,35.0,hbase,ZKReplicationQueueStorage,org.apache.hadoop.hbase.replication.testzkreplicationqueuestorage.testremovealllastpushedseqidsforpeer,False,False,True
569,35.0,hbase,RestoreSnapshotHelper,org.apache.hadoop.hbase.snapshot.testrestoresnapshothelper.testrestore,False,False,True
579,35.0,hbase,ClassFinder,org.apache.hadoop.hbase.testclassfinder.testclassfinderfiltersbypathindirs,False,False,True
582,35.0,hbase,CompoundConfiguration,org.apache.hadoop.hbase.testcompoundconfiguration.testput,False,False,True
622,35.0,hbase,ThriftHBaseServiceHandler,org.apache.hadoop.hbase.thrift2.testthrifthbaseservicehandler.testexistsall,False,False,True
628,35.0,hbase,CoprocessorValidator,org.apache.hadoop.hbase.tool.coprocessor.coprocessorvalidatortest.testnosuchclass,False,False,True
669,35.0,hbase,CommonFSUtils,org.apache.hadoop.hbase.util.testcommonfsutils.streamcapabilitiesdoesnotallownullstream,False,False,True
670,35.0,hbase,CommonFSUtils,org.apache.hadoop.hbase.util.testcommonfsutils.testmatchingtail,True,True,False
681,35.0,hbase,FSTableDescriptors,org.apache.hadoop.hbase.util.testfstabledescriptors.testreadinghtdfromfs,True,True,False
689,35.0,hbase,JSONMetricUtil,org.apache.hadoop.hbase.util.testjsonmetricutil.testbuildhashtable,False,False,True
696,35.0,hbase,RegionMover,org.apache.hadoop.hbase.util.testregionmover.testrepeatedload,False,False,True
703,35.0,hbase,RegionSplitter,org.apache.hadoop.hbase.util.testregionsplitter.unittesthexstringsplit,False,False,True
704,35.0,hbase,RetryCounter,org.apache.hadoop.hbase.util.testretrycounter.testbasics,False,False,True
707,35.0,hbase,FSHLogProvider,org.apache.hadoop.hbase.wal.testfshlogprovider.setmembershipdedups,False,False,True
708,35.0,hbase,FSHLogProvider,org.apache.hadoop.hbase.wal.testfshlogprovider.testconcurrentwrites,False,False,True
722,35.0,hbase,ZKUtil,org.apache.hadoop.hbase.zookeeper.testzkutil.testsetdatawithversion,False,False,True
7,35.0,hbase,BackupSystemTable,org.apache.hadoop.hbase.backup.testbackupsystemtable.testbackupsetremove,False,False,True
8,35.0,hbase,BackupSystemTable,org.apache.hadoop.hbase.backup.testbackupsystemtable.testincrementalbackuptableset,False,False,True
13,35.0,hbase,AsyncAdminBuilder,org.apache.hadoop.hbase.client.testasyncadminbuilder.testoperationtimeout,False,False,True
16,35.0,hbase,AsyncProcess,org.apache.hadoop.hbase.client.testasyncprocess.testaction,False,False,True
20,35.0,hbase,AsyncProcess,org.apache.hadoop.hbase.client.testasyncprocess.testqueuerowaccess,False,False,True
35,35.0,hbase,Attributes,org.apache.hadoop.hbase.client.testattributes.testdeleteattributes,False,False,True
39,35.0,hbase,BatchScanResultCache,org.apache.hadoop.hbase.client.testbatchscanresultcache.test,False,False,True
43,35.0,hbase,ColumnFamilyDescriptorBuilder,org.apache.hadoop.hbase.client.testcolumnfamilydescriptorbuilder.testclassmethodsarebuilderstyle,False,False,True
53,35.0,hbase,MetricsConnection,org.apache.hadoop.hbase.client.testmetricsconnection.teststaticmetrics,False,False,True
72,35.0,hbase,Constraint,org.apache.hadoop.hbase.constraint.testconstraint.testdisableconstraint,False,False,True
77,35.0,hbase,MasterObserver,org.apache.hadoop.hbase.coprocessor.testmasterobserver.testtablenamesenumeration,False,False,True
91,35.0,hbase,Filter,org.apache.hadoop.hbase.filter.testfilter.testfirstkeyonlyfilter,False,False,True
103,35.0,hbase,FilterList,org.apache.hadoop.hbase.filter.testfilterlist.testordering,False,False,True
104,35.0,hbase,FilterList,org.apache.hadoop.hbase.filter.testfilterlist.testreversedfilterlistwithor,False,False,True
108,35.0,hbase,FirstKeyValueMatchingQualifiersFilter,org.apache.hadoop.hbase.filter.testfirstkeyvaluematchingqualifiersfilter.testfirstkeymatchingqualifierfilter,False,False,True
122,35.0,hbase,MultiRowRangeFilter,org.apache.hadoop.hbase.filter.testmultirowrangefilter.testoutoforderscannernextexception,False,False,True
128,35.0,hbase,ParseFilter,org.apache.hadoop.hbase.filter.testparsefilter.testinclusivestopfilter,False,False,True
139,35.0,hbase,StaticUserWebFilter,org.apache.hadoop.hbase.http.lib.teststaticuserwebfilter.testconfiguration,False,False,True
142,35.0,hbase,HttpRequestLog,org.apache.hadoop.hbase.http.testhttprequestlog.testappenderundefined,False,False,True
147,35.0,hbase,Encryption,org.apache.hadoop.hbase.io.crypto.testencryption.testoddsizedblocks,False,False,True
154,35.0,hbase,BucketCache,org.apache.hadoop.hbase.io.hfile.bucket.testbucketcache.testretrievefromfile,True,True,True
172,35.0,hbase,ByteBufferOutputStream,org.apache.hadoop.hbase.io.testbytebufferoutputstream.testbytebufferreuse,False,False,True
189,35.0,hbase,SimpleRpcScheduler,org.apache.hadoop.hbase.ipc.testsimplerpcscheduler.testsoftandhardqueuelimits,False,False,True
190,35.0,hbase,GroupingTableMap,org.apache.hadoop.hbase.mapred.testgroupingtablemap.shouldnotcallcollectonsincefinduniquekeyvaluemorethanones,False,False,True
202,35.0,hbase,HFileOutputFormat2,org.apache.hadoop.hbase.mapreduce.testhfileoutputformat2.testexcludeallfromminorcompaction,False,True,True
208,35.0,hbase,ImportTsv,org.apache.hadoop.hbase.mapreduce.testimporttsv.testdrymodewithbulkoutputandtabledoesnotexistscreatetablesettono,False,False,True
248,35.0,hbase,HFileCleaner,org.apache.hadoop.hbase.master.cleaner.testhfilecleaner.testonconfigurationchange,True,False,True
252,35.0,hbase,ReplicationBarrierCleaner,org.apache.hadoop.hbase.master.cleaner.testreplicationbarriercleaner.testnothing,False,False,True
257,35.0,hbase,LockProcedure,org.apache.hadoop.hbase.master.locking.testlockprocedure.testupdateheartbeatandunlockfortable,False,False,True
259,35.0,hbase,SimpleRegionNormalizer,org.apache.hadoop.hbase.master.normalizer.testsimpleregionnormalizer.testplancomparator,False,False,True
272,35.0,hbase,MasterProcedureScheduler,org.apache.hadoop.hbase.master.procedure.testmasterprocedurescheduler.testrootxlockandchildrenxlock,False,False,True
275,35.0,hbase,MasterProcedureScheduler,org.apache.hadoop.hbase.master.procedure.testmasterprocedurescheduler.testverifyrwlocks,False,False,True
276,35.0,hbase,MasterProcedureScheduler,org.apache.hadoop.hbase.master.procedure.testmasterprocedurescheduler.testverifysubprocregionlocks,False,False,True
303,35.0,hbase,HistogramImpl,org.apache.hadoop.hbase.metrics.impl.testhistogramimpl.testsnapshot,False,False,True
308,35.0,hbase,BaseSourceImpl,org.apache.hadoop.hbase.metrics.testbasesourceimpl.testincgauge,False,False,True
317,35.0,hbase,PartitionedMobCompactor,org.apache.hadoop.hbase.mob.compactions.testpartitionedmobcompactor.testcompactionselectwithallfiles,True,False,False
320,35.0,hbase,MobFile,org.apache.hadoop.hbase.mob.testmobfile.testreadkeyvalue,True,False,True
327,35.0,hbase,MultiByteBuff,org.apache.hadoop.hbase.nio.testmultibytebuff.testarraybasedmethods,False,False,True
329,35.0,hbase,SingleByteBuff,org.apache.hadoop.hbase.nio.testsinglebytebuff.testpositionalreads,False,False,True
330,35.0,hbase,ProcedureCoordinator,org.apache.hadoop.hbase.procedure.testprocedurecoordinator.testsinglecohortorchestration,False,False,True
335,35.0,hbase,ProcedureStoreTracker,org.apache.hadoop.hbase.procedure2.store.testprocedurestoretracker.testsetdeletedifset,False,False,True
336,35.0,hbase,WALProcedureStore,org.apache.hadoop.hbase.procedure2.store.wal.testwalprocedurestore.testcorruptedentries,True,True,False
341,35.0,hbase,WALProcedureStore,org.apache.hadoop.hbase.procedure2.store.wal.testwalprocedurestore.testwalcleanersequentialclean,True,True,False
350,35.0,hbase,ProtobufUtil,org.apache.hadoop.hbase.protobuf.testprotobufutil.testdelete,False,False,True
360,35.0,hbase,NoWritesViolationPolicyEnforcement,org.apache.hadoop.hbase.quotas.policies.testnowritesviolationpolicyenforcement.testcheckput,False,False,True
369,35.0,hbase,GlobalQuotaSettingsImpl,org.apache.hadoop.hbase.quotas.testglobalquotasettingsimpl.testmergespace,False,False,True
371,35.0,hbase,MasterQuotasObserver,org.apache.hadoop.hbase.quotas.testmasterquotasobserver.testnamespacerpcquotaremoved,False,False,True
375,35.0,hbase,QuotaSettingsFactory,org.apache.hadoop.hbase.quotas.testquotasettingsfactory.testspacelimitsettings,False,False,True
384,35.0,hbase,SnapshotQuotaObserverChore,org.apache.hadoop.hbase.quotas.testsnapshotquotaobserverchore.testbucketingfilestosnapshots,False,True,True
389,35.0,hbase,OffPeakHours,org.apache.hadoop.hbase.regionserver.compactions.testoffpeakhours.testsetpeakhourtotargettime,False,False,True
401,35.0,hbase,CompactionLifeCycleTracker,org.apache.hadoop.hbase.regionserver.testcompactionlifecycletracker.testrequestonstore,False,False,True
429,35.0,hbase,HRegion,org.apache.hadoop.hbase.regionserver.testhregion.testcheckandmutatetimestampsaremonotonic,False,True,True
433,35.0,hbase,HRegion,org.apache.hadoop.hbase.regionserver.testhregion.testdurability,False,False,True
434,35.0,hbase,HRegion,org.apache.hadoop.hbase.regionserver.testhregion.testflushresult,False,True,True
449,35.0,hbase,HRegion,org.apache.hadoop.hbase.regionserver.testhregion.testsequenceid,False,True,True
457,35.0,hbase,HStore,org.apache.hadoop.hbase.regionserver.testhstore.testreclaimchunkwhenscaning,False,False,True
478,35.0,hbase,RegionSplitPolicy,org.apache.hadoop.hbase.regionserver.testregionsplitpolicy.testconstantsizepolicy,True,False,False
505,35.0,hbase,MetricsReplicationSourceFactoryImpl,org.apache.hadoop.hbase.replication.regionserver.testmetricsreplicationsourcefactoryimpl.testgetinstance,False,False,True
527,35.0,hbase,MultiRowResource,org.apache.hadoop.hbase.rest.testmultirowresource.testmulticellgetwithcolsjson,False,False,True
539,35.0,hbase,AccessController,org.apache.hadoop.hbase.security.access.testaccesscontroller.testgetuserpermissions,False,False,True
555,35.0,hbase,EncryptionUtil,org.apache.hadoop.hbase.security.testencryptionutil.testkeywrapping,False,False,True
559,35.0,hbase,ZKSecretWatcher,org.apache.hadoop.hbase.security.token.testzksecretwatcher.testkeyupdate,False,False,True
564,35.0,hbase,ProtobufUtil,org.apache.hadoop.hbase.shaded.protobuf.testprotobufutil.testput,False,False,True
565,35.0,hbase,ProtobufUtil,org.apache.hadoop.hbase.shaded.protobuf.testprotobufutil.testserverlockinfo,False,False,True
568,35.0,hbase,ExportSnapshot,org.apache.hadoop.hbase.snapshot.testexportsnapshot.testexportretry,True,False,False
608,35.0,hbase,PerformanceEvaluation,org.apache.hadoop.hbase.testperformanceevaluation.testserialization,False,False,True
616,35.0,hbase,ThriftServer,org.apache.hadoop.hbase.thrift.testthriftserver.dotesttablemutations,False,False,True
630,35.0,hbase,LoadIncrementalHFiles,org.apache.hadoop.hbase.tool.testloadincrementalhfiles.testloadtoomayhfiles,True,False,True
638,35.0,hbase,TerminatedWrapper,org.apache.hadoop.hbase.types.testterminatedwrapper.testskipnonskippable,False,False,True
665,35.0,hbase,Bytes,org.apache.hadoop.hbase.util.testbytes.testtobytesbinarytrailingbackslashes,False,False,True
677,35.0,hbase,FSHDFSUtils,org.apache.hadoop.hbase.util.testfshdfsutils.testisfileclosed,True,False,True
699,35.0,hbase,RegionSplitCalculator,org.apache.hadoop.hbase.util.testregionsplitcalculator.testsplitcalculatorceil,False,False,True
718,35.0,hbase,ZKConfig,org.apache.hadoop.hbase.zookeeper.testzkconfig.testclusterkeywithmultipleports,False,True,True
2,35.0,hbase,BackupSystemTable,org.apache.hadoop.hbase.backup.testbackupsystemtable.createbackupinfolist,False,False,True
9,35.0,hbase,AsyncClientExample,org.apache.hadoop.hbase.client.example.testasyncclientexample.test,False,False,True
28,35.0,hbase,AsyncSingleRequestRpcRetryingCaller,org.apache.hadoop.hbase.client.testasyncsinglerequestrpcretryingcaller.testlocateerror,False,True,True
44,35.0,hbase,ColumnFamilyDescriptorBuilder,org.apache.hadoop.hbase.client.testcolumnfamilydescriptorbuilder.testsettimetolive,False,False,True
66,35.0,hbase,TableSnapshotScanner,org.apache.hadoop.hbase.client.testtablesnapshotscanner.testscannerwithrestorescanner,False,False,True
75,35.0,hbase,MasterObserver,org.apache.hadoop.hbase.coprocessor.testmasterobserver.testnamespaceoperations,False,False,True
98,35.0,hbase,FilterList,org.apache.hadoop.hbase.filter.testfilterlist.testconstruction,False,False,True
102,35.0,hbase,FilterList,org.apache.hadoop.hbase.filter.testfilterlist.testmponewithseeknextusinghint,False,False,True
134,35.0,hbase,PrefixFilter,org.apache.hadoop.hbase.filter.testprefixfilter.testprefixonrowinsidewhilematchrow,False,False,True
138,35.0,hbase,JMXJsonServlet,org.apache.hadoop.hbase.http.jmx.testjmxjsonservlet.testquery,False,True,True
144,35.0,hbase,HttpServer,org.apache.hadoop.hbase.http.testhttpserver.testhttpmethods,False,False,True
152,35.0,hbase,BucketCache,org.apache.hadoop.hbase.io.hfile.bucket.testbucketcache.testmemoryleak,False,False,True
159,35.0,hbase,HFile,org.apache.hadoop.hbase.io.hfile.testhfile.testcorrupt0lengthhfile,True,False,False
164,35.0,hbase,HFileBlockIndex,org.apache.hadoop.hbase.io.hfile.testhfileblockindex.testblockindexchunk,True,False,True
166,35.0,hbase,HFileBlockIndex,org.apache.hadoop.hbase.io.hfile.testhfileblockindex.testmidkeyonleafindexblockboundary,True,False,True
168,35.0,hbase,LruBlockCache,org.apache.hadoop.hbase.io.hfile.testlrublockcache.testcacheevictioninmemoryforcemode,False,False,True
217,35.0,hbase,RowCounter,org.apache.hadoop.hbase.mapreduce.testrowcounter.testrowcounterrowmultirangeupperbound,False,False,True
228,35.0,hbase,TableSnapshotInputFormat,org.apache.hadoop.hbase.mapreduce.testtablesnapshotinputformat.testwithmockedmapreducewithsplitsperregion,False,False,True
233,35.0,hbase,SplitTableRegionProcedure,org.apache.hadoop.hbase.master.assignment.testsplittableregionprocedure.testinvalidsplitkey,False,False,True
237,35.0,hbase,BaseLoadBalancer,org.apache.hadoop.hbase.master.balancer.testbaseloadbalancer.testrandomassignment,False,False,True
239,35.0,hbase,BaseLoadBalancer,org.apache.hadoop.hbase.master.balancer.testbaseloadbalancer.testregionavailabilitywithregionmoves,False,False,True
245,35.0,hbase,StochasticLoadBalancer,org.apache.hadoop.hbase.master.balancer.teststochasticloadbalancer.testcprequestcost,False,True,True
253,35.0,hbase,LockManager,org.apache.hadoop.hbase.master.locking.testlockmanager.testmasterlockacquiretimeout,False,False,True
268,35.0,hbase,DisableTableProcedure,org.apache.hadoop.hbase.master.procedure.testdisabletableprocedure.testdisabletable,False,False,True
273,35.0,hbase,MasterProcedureScheduler,org.apache.hadoop.hbase.master.procedure.testmasterprocedurescheduler.testverifynamespacerwlocks,False,False,True
280,35.0,hbase,ModifyTableProcedure,org.apache.hadoop.hbase.master.procedure.testmodifytableprocedure.testrollbackanddoubleexecutionoffline,False,False,True
283,35.0,hbase,TruncateTableProcedure,org.apache.hadoop.hbase.master.procedure.testtruncatetableprocedure.testonhdfsfailurenopreservesplits,False,False,True
313,35.0,hbase,PartitionedMobCompactionRequest,org.apache.hadoop.hbase.mob.compactions.testpartitionedmobcompactionrequest.testcompactedpartitionid,False,False,True
316,35.0,hbase,PartitionedMobCompactor,org.apache.hadoop.hbase.mob.compactions.testpartitionedmobcompactor.testcompactionselectpartfilesweeklypolicy,True,False,False
322,35.0,hbase,MobFileName,org.apache.hadoop.hbase.mob.testmobfilename.testget,True,False,False
357,35.0,hbase,NoWritesCompactionsViolationPolicyEnforcement,org.apache.hadoop.hbase.quotas.policies.testnowritescompactionsviolationpolicyenforcement.testcheckput,False,False,True
380,35.0,hbase,RateLimiter,org.apache.hadoop.hbase.quotas.testratelimiter.testcanexecuteoffixedintervalratelimiter,False,False,True
388,35.0,hbase,OffPeakHours,org.apache.hadoop.hbase.regionserver.compactions.testoffpeakhours.testsetpeakhouroutsidecurrentselection,False,False,True
393,35.0,hbase,NewVersionBehaviorTracker,org.apache.hadoop.hbase.regionserver.querymatcher.testnewversionbehaviortracker.testversionsdelete,False,False,True
402,35.0,hbase,CompoundBloomFilter,org.apache.hadoop.hbase.regionserver.testcompoundbloomfilter.testcreatekey,False,False,True
403,35.0,hbase,DataBlockEncodingTool,org.apache.hadoop.hbase.regionserver.testdatablockencodingtool.testhfileallcellswithtags,True,False,False
407,35.0,hbase,DefaultMemStore,org.apache.hadoop.hbase.regionserver.testdefaultmemstore.testgetwithdeletecolumn,False,False,True
416,35.0,hbase,FlushLifeCycleTracker,org.apache.hadoop.hbase.regionserver.testflushlifecycletracker.test,False,False,True
425,35.0,hbase,HRegion,org.apache.hadoop.hbase.regionserver.testhregion.testbatchput_whilenorowlocksheld,False,True,True
427,35.0,hbase,HRegion,org.apache.hadoop.hbase.regionserver.testhregion.testcellttls,True,True,False
430,35.0,hbase,HRegion,org.apache.hadoop.hbase.regionserver.testhregion.testclosewithfailingflush,True,True,False
431,35.0,hbase,HRegion,org.apache.hadoop.hbase.regionserver.testhregion.testdatainmemorywithoutwal,True,False,False
459,35.0,hbase,HStore,org.apache.hadoop.hbase.regionserver.testhstore.teststoreusessearchengineoverride,False,False,True
474,35.0,hbase,MobStoreScanner,org.apache.hadoop.hbase.regionserver.testmobstorescanner.testreadfromcorruptmobfileswithreademptyvalueonmobcellmiss,True,False,False
476,35.0,hbase,RegionInfoBuilder,org.apache.hadoop.hbase.regionserver.testregioninfobuilder.testmetatables,False,False,True
479,35.0,hbase,RegionSplitPolicy,org.apache.hadoop.hbase.regionserver.testregionsplitpolicy.testdelimitedkeyprefixregionsplitpolicy,False,False,True
494,35.0,hbase,StripeStoreFileManager,org.apache.hadoop.hbase.regionserver.teststripestorefilemanager.testloadfileswithgaps,True,False,False
497,35.0,hbase,AbstractFSWAL,org.apache.hadoop.hbase.regionserver.wal.abstracttestfswal.testwalcomparator,True,False,False
519,35.0,hbase,VerifyReplication,org.apache.hadoop.hbase.replication.testverifyreplication.testhbase14905,False,False,True
525,35.0,hbase,MultiRowResource,org.apache.hadoop.hbase.rest.testmultirowresource.testmulticellgetjson,False,False,True
541,35.0,hbase,AccessController,org.apache.hadoop.hbase.security.access.testaccesscontroller.testpostgrantrevokeatqualifierlevel,False,False,True
544,35.0,hbase,AccessController,org.apache.hadoop.hbase.security.access.testaccesscontroller.testsetsplitormergeenabled,True,False,False
552,35.0,hbase,CoprocessorWhitelistMasterObserver,org.apache.hadoop.hbase.security.access.testcoprocessorwhitelistmasterobserver.testdifferentfilesystemnonwhitelisted,True,False,True
567,35.0,hbase,ExportSnapshot,org.apache.hadoop.hbase.snapshot.testexportsnapshot.testexportfilesystemstatewithskiptmp,True,False,False
571,35.0,hbase,ByteBufferKeyValue,org.apache.hadoop.hbase.testbytebufferkeyvalue.testcompare,False,False,True
573,35.0,hbase,CellComparator,org.apache.hadoop.hbase.testcellcomparator.testmetacomparisons,False,False,True
584,35.0,hbase,CompoundConfiguration,org.apache.hadoop.hbase.testcompoundconfiguration.testwithibwmap,False,False,True
595,35.0,hbase,KeyValue,org.apache.hadoop.hbase.testkeyvalue.testbinarykeys,False,False,True
599,35.0,hbase,KeyValue,org.apache.hadoop.hbase.testkeyvalue.testkvswithtags,False,False,True
600,35.0,hbase,KeyValue,org.apache.hadoop.hbase.testkeyvalue.testmetacomparatortablekeyswithcommaok,False,False,True
607,35.0,hbase,PerformanceEvaluation,org.apache.hadoop.hbase.testperformanceevaluation.testparseoptswrongthreads,False,False,True
610,35.0,hbase,RegionLocations,org.apache.hadoop.hbase.testregionlocations.testmergelocations,False,False,True
617,35.0,hbase,ThriftHBaseServiceHandler,org.apache.hadoop.hbase.thrift2.testthrifthbaseservicehandler.testappend,False,False,True
623,35.0,hbase,ThriftHBaseServiceHandler,org.apache.hadoop.hbase.thrift2.testthrifthbaseservicehandler.testincrement,False,False,True
653,35.0,hbase,ByteBufferUtils,org.apache.hadoop.hbase.util.testbytebufferutils.testtoprimitivetypes,False,False,True
667,35.0,hbase,Bytes,org.apache.hadoop.hbase.util.testbytes.testtolong,False,False,True
673,35.0,hbase,DynamicClassLoader,org.apache.hadoop.hbase.util.testdynamicclassloader.testloadclassfromanotherpath,False,False,True
678,35.0,hbase,FSHDFSUtils,org.apache.hadoop.hbase.util.testfshdfsutils.testissamehdfs,True,True,True
682,35.0,hbase,FSTableDescriptors,org.apache.hadoop.hbase.util.testfstabledescriptors.testtabledescriptors,True,True,False
694,35.0,hbase,RegionMover,org.apache.hadoop.hbase.util.testregionmover.testexclude,True,True,True
706,35.0,hbase,WeakObjectPool,org.apache.hadoop.hbase.util.testweakobjectpool.testweakreference,False,False,True
721,35.0,hbase,ZKNodeTracker,org.apache.hadoop.hbase.zookeeper.testzknodetracker.testnodetracker,False,False,True
724,35.0,hbase,HelloHBase,org.apache.hbase.archetypes.exemplars.shaded_client.testhellohbase.testdeleterow,False,False,True
15,35.0,hbase,AsyncAggregationClient,org.apache.hadoop.hbase.client.testasyncaggregationclient.testmin,False,False,True
23,35.0,hbase,AsyncProcess,org.apache.hadoop.hbase.client.testasyncprocess.testreplicapartialreplicacall,False,False,True
25,35.0,hbase,AsyncProcess,org.apache.hadoop.hbase.client.testasyncprocess.testsubmitlargerequest,False,False,True
26,35.0,hbase,AsyncProcess,org.apache.hadoop.hbase.client.testasyncprocess.testsubmitlargerequestwithunlimitedsize,False,False,True
30,35.0,hbase,AsyncTable,org.apache.hadoop.hbase.client.testasynctable.testappend,False,False,True
37,35.0,hbase,Attributes,org.apache.hadoop.hbase.client.testattributes.testputid,False,False,True
45,35.0,hbase,ConnectionImplementation,org.apache.hadoop.hbase.client.testconnectionimplementation.testadminfactory,False,False,True
46,35.0,hbase,ConnectionImplementation,org.apache.hadoop.hbase.client.testconnectionimplementation.testclosing,False,False,True
50,35.0,hbase,ImmutableHColumnDescriptor,org.apache.hadoop.hbase.client.testimmutablehcolumndescriptor.testimmutable,False,False,True
56,35.0,hbase,Result,org.apache.hadoop.hbase.client.testresult.testadvancetwiceonemptycell,False,False,True
62,35.0,hbase,TableDescriptorBuilder,org.apache.hadoop.hbase.client.testtabledescriptorbuilder.testaddcoprocessortwice,False,False,True
63,35.0,hbase,TableDescriptorBuilder,org.apache.hadoop.hbase.client.testtabledescriptorbuilder.testclassmethodsarebuilderstyle,False,False,True
65,35.0,hbase,TableDescriptorBuilder,org.apache.hadoop.hbase.client.testtabledescriptorbuilder.testsetlistremovecp,False,False,True
67,35.0,hbase,ZKAsyncRegistry,org.apache.hadoop.hbase.client.testzkasyncregistry.testindependentzkconnections,False,False,True
81,35.0,hbase,FavoredNodeAssignmentHelper,org.apache.hadoop.hbase.favored.testfavorednodeassignmenthelper.testconstrainedplacement,False,False,True
87,35.0,hbase,BitComparator,org.apache.hadoop.hbase.filter.testbitcomparator.testxoroperation,False,False,True
111,35.0,hbase,InclusiveStopFilter,org.apache.hadoop.hbase.filter.testinclusivestopfilter.testserialization,False,False,True
135,35.0,hbase,SingleColumnValueExcludeFilter,org.apache.hadoop.hbase.filter.testsinglecolumnvalueexcludefilter.testfiltercell,False,False,True
143,35.0,hbase,HttpServer,org.apache.hadoop.hbase.http.testhttpserver.testbindaddress,False,False,True
151,35.0,hbase,BucketCache,org.apache.hadoop.hbase.io.hfile.bucket.testbucketcache.testinvalidacceptfactorconfig,False,False,True
155,35.0,hbase,BucketCache,org.apache.hadoop.hbase.io.hfile.bucket.testbucketcache.testvalidbucketcacheconfigs,False,False,True
160,35.0,hbase,HFile,org.apache.hadoop.hbase.io.hfile.testhfile.testshortmidpointsamequal,True,False,True
163,35.0,hbase,HFileBlockIndex,org.apache.hadoop.hbase.io.hfile.testhfileblockindex.testblockindex,False,False,True
176,35.0,hbase,HalfStoreFileReader,org.apache.hadoop.hbase.io.testhalfstorefilereader.testhalfscanandreseek,True,True,False
184,35.0,hbase,CoprocessorRpcUtils,org.apache.hadoop.hbase.ipc.testcoprocessorrpcutils.testservicename,False,False,True
200,35.0,hbase,CopyTable,org.apache.hadoop.hbase.mapreduce.testcopytable.testmainmethod,False,False,True
214,35.0,hbase,RowCounter,org.apache.hadoop.hbase.mapreduce.testrowcounter.testimportmain,False,False,True
223,35.0,hbase,TableInputFormat,org.apache.hadoop.hbase.mapreduce.testtableinputformat.testtablerecordreadermapreduce,False,False,True
225,35.0,hbase,TableMapReduceUtil,org.apache.hadoop.hbase.mapreduce.testtablemapreduceutil.testinittablemapperjob2,False,False,True
236,35.0,hbase,BaseLoadBalancer,org.apache.hadoop.hbase.master.balancer.testbaseloadbalancer.testclusterregionlocations,False,False,True
246,35.0,hbase,CleanerChore,org.apache.hadoop.hbase.master.cleaner.testcleanerchore.testminimumnumberofthreads,True,True,False
255,35.0,hbase,LockProcedure,org.apache.hadoop.hbase.master.locking.testlockprocedure.testlatch,False,False,True
263,35.0,hbase,CreateNamespaceProcedure,org.apache.hadoop.hbase.master.procedure.testcreatenamespaceprocedure.testcreatesamenamespacetwice,False,False,True
299,35.0,hbase,SplitLogManager,org.apache.hadoop.hbase.master.testsplitlogmanager.testdeadworker,False,False,True
301,35.0,hbase,TableStateManager,org.apache.hadoop.hbase.master.testtablestatemanager.testmigration,False,False,True
306,35.0,hbase,RefCountingMap,org.apache.hadoop.hbase.metrics.impl.testrefcountingmap.testclear,False,False,True
324,35.0,hbase,TaskMonitor,org.apache.hadoop.hbase.monitoring.testtaskmonitor.testtasksgetabortedonleak,False,False,True
325,35.0,hbase,NamespaceAuditor,org.apache.hadoop.hbase.namespace.testnamespaceauditor.testclonesnapshot,False,True,True
326,35.0,hbase,NamespaceAuditor,org.apache.hadoop.hbase.namespace.testnamespaceauditor.testexceedtablequotainnamespace,False,True,True
333,35.0,hbase,ProcedureStoreTracker,org.apache.hadoop.hbase.procedure2.store.testprocedurestoretracker.testload,False,False,True
339,35.0,hbase,WALProcedureStore,org.apache.hadoop.hbase.procedure2.store.wal.testwalprocedurestore.testload,True,True,True
351,35.0,hbase,DisableTableViolationPolicyEnforcement,org.apache.hadoop.hbase.quotas.policies.testdisabletableviolationpolicyenforcement.testcheckincrement,False,False,True
368,35.0,hbase,FileSystemUtilizationChore,org.apache.hadoop.hbase.quotas.testfilesystemutilizationchore.testprocessingleftoverregions,True,False,False
386,35.0,hbase,SnapshotQuotaObserverChore,org.apache.hadoop.hbase.quotas.testsnapshotquotaobserverchore.testsnapshotsize,False,True,True
397,35.0,hbase,UserScanQueryMatcher,org.apache.hadoop.hbase.regionserver.querymatcher.testuserscanquerymatcher.testmatchwhenfilterreturnsincludeandseeknextrow,False,False,True
419,35.0,hbase,HeapMemoryManager,org.apache.hadoop.hbase.regionserver.testheapmemorymanager.testwhencombinedheapsizesfromtunergoesoutsidemaxlimit,False,False,True
424,35.0,hbase,HRegion,org.apache.hadoop.hbase.regionserver.testhregion.testatomicbatchput,True,True,False
466,35.0,hbase,MetricsRegion,org.apache.hadoop.hbase.regionserver.testmetricsregion.testregionwrappermetrics,True,False,False
471,35.0,hbase,MobStoreScanner,org.apache.hadoop.hbase.regionserver.testmobstorescanner.testgetmassive,False,False,True
473,35.0,hbase,MobStoreScanner,org.apache.hadoop.hbase.regionserver.testmobstorescanner.testmobstorescanner,True,False,True
482,35.0,hbase,SplitLogWorker,org.apache.hadoop.hbase.regionserver.testsplitlogworker.testpreempttask,False,True,True
508,35.0,hbase,ReplicationSink,org.apache.hadoop.hbase.replication.regionserver.testreplicationsink.testbatchsink,False,False,True
516,35.0,hbase,ReplicationEndpoint,org.apache.hadoop.hbase.replication.testreplicationendpoint.testmetricssourcebasesourcepassthrough,True,False,False
520,35.0,hbase,ZKReplicationPeerStorage,org.apache.hadoop.hbase.replication.testzkreplicationpeerstorage.test,False,False,True
530,35.0,hbase,TableResource,org.apache.hadoop.hbase.rest.testtableresource.testtablelisttext,False,False,True
546,35.0,hbase,AccessController,org.apache.hadoop.hbase.security.access.testaccesscontroller.testtabletruncate,True,False,False
556,35.0,hbase,EncryptionUtil,org.apache.hadoop.hbase.security.testencryptionutil.testwalkeywrappingwithincorrectkey,False,False,True
574,35.0,hbase,CellUtil,org.apache.hadoop.hbase.testcellutil.testclonecellfieldsfrombytebufferedcell,False,False,True
585,35.0,hbase,HColumnDescriptor,org.apache.hadoop.hbase.testhcolumndescriptor.testpb,False,False,True
593,35.0,hbase,JMXListener,org.apache.hadoop.hbase.testjmxlistener.teststart,False,True,True
612,35.0,hbase,ServerMetrics,org.apache.hadoop.hbase.testservermetrics.testregionloadwraparoundaggregation,False,False,True
618,35.0,hbase,ThriftHBaseServiceHandler,org.apache.hadoop.hbase.thrift2.testthrifthbaseservicehandler.testattribute,False,False,True
620,35.0,hbase,ThriftHBaseServiceHandler,org.apache.hadoop.hbase.thrift2.testthrifthbaseservicehandler.testdeletealltimestamps,False,False,True
627,35.0,hbase,ThriftHBaseServiceHandler,org.apache.hadoop.hbase.thrift2.testthrifthbaseservicehandler.testputttl,False,False,True
639,35.0,hbase,AbstractHBaseTool,org.apache.hadoop.hbase.util.abstracthbasetooltest.testalloptionsset,False,False,True
642,35.0,hbase,MajorCompactionRequest,org.apache.hadoop.hbase.util.compaction.testmajorcompactionrequest.testifwehavenewreferencefilesbutoldstorefiles,False,False,True
652,35.0,hbase,ByteBufferUtils,org.apache.hadoop.hbase.util.testbytebufferutils.testrelativecopyfrombuffertobuffer,False,False,True
666,35.0,hbase,Bytes,org.apache.hadoop.hbase.util.testbytes.testtoint,False,False,True
680,35.0,hbase,FSTableDescriptors,org.apache.hadoop.hbase.util.testfstabledescriptors.testformattableinfosequenceid,True,False,False
690,35.0,hbase,LossyCounting,org.apache.hadoop.hbase.util.testlossycounting.testbucketsize,False,False,True
695,35.0,hbase,RegionMover,org.apache.hadoop.hbase.util.testregionmover.testloadwithack,False,False,True
705,35.0,hbase,StealJobQueue,org.apache.hadoop.hbase.util.teststealjobqueue.testofferinstealqueuefromshouldunblock,False,False,True
709,35.0,hbase,SyncReplicationWALProvider,org.apache.hadoop.hbase.wal.testsyncreplicationwalprovider.test,False,False,True
0,35.0,hbase,BackupHFileCleaner,org.apache.hadoop.hbase.backup.testbackuphfilecleaner.testgetdeletablefiles,True,True,True
3,35.0,hbase,BackupSystemTable,org.apache.hadoop.hbase.backup.testbackupsystemtable.testaddwalfiles,True,False,True
6,35.0,hbase,BackupSystemTable,org.apache.hadoop.hbase.backup.testbackupsystemtable.testbackupsetlist,False,False,True
12,35.0,hbase,ReplicationAdmin,org.apache.hadoop.hbase.client.replication.testreplicationadmin.testtransitsyncreplicationpeerstate,True,False,False
27,35.0,hbase,AsyncProcess,org.apache.hadoop.hbase.client.testasyncprocess.testsubmittrue,False,False,True
33,35.0,hbase,AsyncTable,org.apache.hadoop.hbase.client.testasynctable.testcheckandput,False,False,True
47,35.0,hbase,ConnectionImplementation,org.apache.hadoop.hbase.client.testconnectionimplementation.testclusterconnection,False,False,True
88,35.0,hbase,ColumnPaginationFilter,org.apache.hadoop.hbase.filter.testcolumnpaginationfilter.testserialization,False,False,True
89,35.0,hbase,DependentColumnFilter,org.apache.hadoop.hbase.filter.testdependentcolumnfilter.testfilterdropping,False,False,True
106,35.0,hbase,FilterList,org.apache.hadoop.hbase.filter.testfilterlist.testshouldpasscurrentcelltofilter,False,False,True
145,35.0,hbase,FanOutOneBlockAsyncDFSOutput,org.apache.hadoop.hbase.io.asyncfs.testfanoutoneblockasyncdfsoutput.testconnecttodatanodefailed,False,True,True
153,35.0,hbase,BucketCache,org.apache.hadoop.hbase.io.hfile.bucket.testbucketcache.testoffsetproducespositiveoutput,False,False,True
173,35.0,hbase,FileLink,org.apache.hadoop.hbase.io.testfilelink.testequals,True,False,True
174,35.0,hbase,FileLink,org.apache.hadoop.hbase.io.testfilelink.testhdfslinkreadduringrename,True,True,False
183,35.0,hbase,CellBlockBuilder,org.apache.hadoop.hbase.ipc.testcellblockbuilder.testbuildcellblock,False,False,True
188,35.0,hbase,SimpleRpcScheduler,org.apache.hadoop.hbase.ipc.testsimplerpcscheduler.testrpcscheduler,False,False,True
195,35.0,hbase,TableInputFormat,org.apache.hadoop.hbase.mapred.testtableinputformat.testtablerecordreaderscannertimeout,False,False,True
197,35.0,hbase,MultiTableInputFormatBase,org.apache.hadoop.hbase.mapreduce.multitableinputformattestbase.testscanobbtoopp,False,False,True
199,35.0,hbase,CellCounter,org.apache.hadoop.hbase.mapreduce.testcellcounter.testcellcounterwithoutoutputdir,False,False,True
204,35.0,hbase,HFileOutputFormat2,org.apache.hadoop.hbase.mapreduce.testhfileoutputformat2.testmrincrementalloadwithlocality,True,False,True
206,35.0,hbase,ImportTsv,org.apache.hadoop.hbase.mapreduce.testimporttsv.testbulkoutputwithanexistingtablenostricttrue,False,False,True
215,35.0,hbase,RowCounter,org.apache.hadoop.hbase.mapreduce.testrowcounter.testrowcountercolumnwithcoloninqualifier,False,False,True
219,35.0,hbase,RowCounter,org.apache.hadoop.hbase.mapreduce.testrowcounter.testrowcountertimerange,False,False,True
234,35.0,hbase,SplitTableRegionProcedure,org.apache.hadoop.hbase.master.assignment.testsplittableregionprocedure.testrecoveryanddoubleexecution,False,False,True
242,35.0,hbase,RSGroupBasedLoadBalancer,org.apache.hadoop.hbase.master.balancer.testrsgroupbasedloadbalancer.testbulkassignment,False,False,True
286,35.0,hbase,SnapshotHFileCleaner,org.apache.hadoop.hbase.master.snapshot.testsnapshothfilecleaner.testcorrupteddatamanifest,True,False,False
287,35.0,hbase,SnapshotHFileCleaner,org.apache.hadoop.hbase.master.snapshot.testsnapshothfilecleaner.testcorruptedregionmanifest,True,False,False
290,35.0,hbase,CatalogJanitor,org.apache.hadoop.hbase.master.testcatalogjanitor.testduplicatehfileresolution,True,False,True
291,35.0,hbase,ClusterStatusPublisher,org.apache.hadoop.hbase.master.testclusterstatuspublisher.testempty,False,False,True
312,35.0,hbase,PartitionedMobCompactionRequest,org.apache.hadoop.hbase.mob.compactions.testpartitionedmobcompactionrequest.testcompactedpartition,True,False,False
319,35.0,hbase,ExpiredMobFileCleaner,org.apache.hadoop.hbase.mob.testexpiredmobfilecleaner.testcleaner,True,False,True
323,35.0,hbase,MemoryBoundedLogMessageBuffer,org.apache.hadoop.hbase.monitoring.testmemoryboundedlogmessagebuffer.testnonasciiencoding,False,False,True
332,35.0,hbase,ProcedureMember,org.apache.hadoop.hbase.procedure.testproceduremember.testpropagateconnectionerrorbacktomanager,False,False,True
346,35.0,hbase,ProcedureMetrics,org.apache.hadoop.hbase.procedure2.testproceduremetrics.testmetricforfailedyiledprocedure,False,True,True
349,35.0,hbase,DelayedUtil,org.apache.hadoop.hbase.procedure2.util.testdelayedutil.testdelayedcontainerequals,False,False,True
354,35.0,hbase,NoInsertsViolationPolicyEnforcement,org.apache.hadoop.hbase.quotas.policies.testnoinsertsviolationpolicyenforcement.testcheckput,False,False,True
355,35.0,hbase,NoWritesCompactionsViolationPolicyEnforcement,org.apache.hadoop.hbase.quotas.policies.testnowritescompactionsviolationpolicyenforcement.testcheckappend,False,False,True
362,35.0,hbase,ActivePolicyEnforcement,org.apache.hadoop.hbase.quotas.testactivepolicyenforcement.testnopolicyreturnsnoopenforcement,False,False,True
364,35.0,hbase,FileSystemUtilizationChore,org.apache.hadoop.hbase.quotas.testfilesystemutilizationchore.testignoresplitparents,True,False,False
365,35.0,hbase,FileSystemUtilizationChore,org.apache.hadoop.hbase.quotas.testfilesystemutilizationchore.testnondefaultconfigurationproperties,True,False,True
367,35.0,hbase,FileSystemUtilizationChore,org.apache.hadoop.hbase.quotas.testfilesystemutilizationchore.testnoonlineregions,True,False,False
377,35.0,hbase,QuotaState,org.apache.hadoop.hbase.quotas.testquotastate.testquotastateupdatetablethrottle,False,False,True
381,35.0,hbase,RateLimiter,org.apache.hadoop.hbase.quotas.testratelimiter.testlimitercompensationoverflow,False,False,True
387,35.0,hbase,FIFOCompactionPolicy,org.apache.hadoop.hbase.regionserver.compactions.testfifocompactionpolicy.testsanitycheckminversion,False,False,True
409,35.0,hbase,DefaultMemStore,org.apache.hadoop.hbase.regionserver.testdefaultmemstore.testmemstoredeletesvisibilitywithsamekey,False,False,True
410,35.0,hbase,DefaultMemStore,org.apache.hadoop.hbase.regionserver.testdefaultmemstore.testreadownwritesunderconcurrency,False,False,True
412,35.0,hbase,DefaultMemStore,org.apache.hadoop.hbase.regionserver.testdefaultmemstore.testscanacrosssnapshot2,False,False,True
420,35.0,hbase,HMobStore,org.apache.hadoop.hbase.regionserver.testhmobstore.testgetfrommemstore,False,False,True
422,35.0,hbase,HMobStore,org.apache.hadoop.hbase.regionserver.testhmobstore.testresolve,True,False,False
435,35.0,hbase,HRegion,org.apache.hadoop.hbase.regionserver.testhregion.testflushsizeaccounting,True,True,False
440,35.0,hbase,HRegion,org.apache.hadoop.hbase.regionserver.testhregion.testgetwhileregionclose,False,True,True
444,35.0,hbase,HRegion,org.apache.hadoop.hbase.regionserver.testhregion.testreversescanner_frommemstoreandhfiles_multicfs1,True,True,True
451,35.0,hbase,HRegion,org.apache.hadoop.hbase.regionserver.testhregion.teststatussettingtoabortifanyexceptionduringregioninitilization,True,True,False
456,35.0,hbase,HStore,org.apache.hadoop.hbase.regionserver.testhstore.testcreatewriter,True,False,True
467,35.0,hbase,MetricsRegionServer,org.apache.hadoop.hbase.regionserver.testmetricsregionserver.testpausemonitor,False,False,True
480,35.0,hbase,RSStatusServlet,org.apache.hadoop.hbase.regionserver.testrsstatusservlet.testwithregions,False,False,True
502,35.0,hbase,SyncFuture,org.apache.hadoop.hbase.regionserver.wal.testsyncfuture.testget,False,False,True
504,35.0,hbase,RecoverStandbyProcedure,org.apache.hadoop.hbase.replication.master.testrecoverstandbyprocedure.testrecoverstandby,True,False,False
506,35.0,hbase,MetricsReplicationSourceImpl,org.apache.hadoop.hbase.replication.regionserver.testmetricsreplicationsourceimpl.testgetinstance,False,False,True
512,35.0,hbase,ReplicationThrottler,org.apache.hadoop.hbase.replication.regionserver.testreplicationthrottler.testthrottling,False,False,True
536,35.0,hbase,AccessController,org.apache.hadoop.hbase.security.access.testaccesscontroller.testenablereplicationpeer,True,False,False
545,35.0,hbase,AccessController,org.apache.hadoop.hbase.security.access.testaccesscontroller.testtabledelete,True,False,False
570,35.0,hbase,SnapshotDescriptionUtils,org.apache.hadoop.hbase.snapshot.testsnapshotdescriptionutils.testcompletesnapshotwithnosnapshotdirectoryfailure,False,True,True
586,35.0,hbase,HColumnDescriptor,org.apache.hadoop.hbase.testhcolumndescriptor.testsettimetolive,False,False,True
591,35.0,hbase,IndividualBytesFieldCell,org.apache.hadoop.hbase.testindividualbytesfieldcell.testillegaltags,False,False,True
592,35.0,hbase,IndividualBytesFieldCell,org.apache.hadoop.hbase.testindividualbytesfieldcell.testillegalvalue,False,False,True
613,35.0,hbase,ServerName,org.apache.hadoop.hbase.testservername.testhash,False,False,True
614,35.0,hbase,TagUtil,org.apache.hadoop.hbase.testtagutil.testcarryforwardttltag,False,False,True
635,35.0,hbase,FixedLengthWrapper,org.apache.hadoop.hbase.types.testfixedlengthwrapper.testinsufficientremainingread,False,False,True
644,35.0,hbase,BloomFilterChunk,org.apache.hadoop.hbase.util.testbloomfilterchunk.testfoldablebytesize,False,False,True
648,35.0,hbase,ByteBufferArray,org.apache.hadoop.hbase.util.testbytebufferarray.testbytebuffercreation1,False,False,True
649,35.0,hbase,ByteBufferUtils,org.apache.hadoop.hbase.util.testbytebufferutils.testcompareto,False,False,True
713,35.0,hbase,WALFactory,org.apache.hadoop.hbase.wal.testwalfactory.testwalproviders,False,False,True
4,35.0,hbase,BackupSystemTable,org.apache.hadoop.hbase.backup.testbackupsystemtable.testbackupdelete,False,False,True
10,35.0,hbase,ReplicationAdmin,org.apache.hadoop.hbase.client.replication.testreplicationadmin.testremovepeertablecfs,False,False,True
11,35.0,hbase,ReplicationAdmin,org.apache.hadoop.hbase.client.replication.testreplicationadmin.testsetreplicateallusertables,False,False,True
21,35.0,hbase,AsyncProcess,org.apache.hadoop.hbase.client.testasyncprocess.testreadandwritetimeout,False,False,True
31,35.0,hbase,AsyncTable,org.apache.hadoop.hbase.client.testasynctable.testcheckanddelete,False,False,True
32,35.0,hbase,AsyncTable,org.apache.hadoop.hbase.client.testasynctable.testcheckandmutatewithtimerange,False,False,True
38,35.0,hbase,Attributes,org.apache.hadoop.hbase.client.testattributes.testscanid,False,False,True
42,35.0,hbase,ColumnFamilyDescriptorBuilder,org.apache.hadoop.hbase.client.testcolumnfamilydescriptorbuilder.testaddgetremoveconfiguration,False,False,True
69,35.0,hbase,KeyValueCodec,org.apache.hadoop.hbase.codec.testkeyvaluecodec.testone,False,False,True
76,35.0,hbase,MasterObserver,org.apache.hadoop.hbase.coprocessor.testmasterobserver.testsnapshotoperations,False,False,True
82,35.0,hbase,FavoredNodeAssignmentHelper,org.apache.hadoop.hbase.favored.testfavorednodeassignmenthelper.testgenmissingfavorednodemultirack,False,False,True
86,35.0,hbase,BitComparator,org.apache.hadoop.hbase.filter.testbitcomparator.testoroperationwithoffset,False,False,True
96,35.0,hbase,Filter,org.apache.hadoop.hbase.filter.testfilter.testrowfilter,False,False,True
99,35.0,hbase,FilterList,org.apache.hadoop.hbase.filter.testfilterlist.testkeyonlyfiltertransformcell,False,False,True
107,35.0,hbase,FilterWrapper,org.apache.hadoop.hbase.filter.testfilterwrapper.testfilterwrapper,False,False,True
119,35.0,hbase,MultiRowRangeFilter,org.apache.hadoop.hbase.filter.testmultirowrangefilter.testmultirowrangefilterwithemptystartrow,False,False,True
130,35.0,hbase,ParseFilter,org.apache.hadoop.hbase.filter.testparsefilter.testregisterfilter,False,False,True
140,35.0,hbase,StaticUserWebFilter,org.apache.hadoop.hbase.http.lib.teststaticuserwebfilter.testoldstyleconfiguration,False,False,True
156,35.0,hbase,FileIOEngine,org.apache.hadoop.hbase.io.hfile.bucket.testfileioengine.testrefreshfileconnection,True,False,False
180,35.0,hbase,LRUDictionary,org.apache.hadoop.hbase.io.util.testlrudictionary.testlrupolicy,False,False,True
186,35.0,hbase,MasterFifoRpcScheduler,org.apache.hadoop.hbase.ipc.testmasterfiforpcscheduler.testcallqueueinfo,False,False,True
221,35.0,hbase,TableInputFormat,org.apache.hadoop.hbase.mapreduce.testtableinputformat.testdeprecatedextensionoftableinputformatbase,False,False,True
224,35.0,hbase,TableInputFormat,org.apache.hadoop.hbase.mapreduce.testtableinputformat.testtablerecordreaderscannerfailmapreducetwice,False,False,True
226,35.0,hbase,TableMapReduceUtil,org.apache.hadoop.hbase.mapreduce.testtablemapreduceutil.testinittablemapperjob3,False,False,True
229,35.0,hbase,TableSplit,org.apache.hadoop.hbase.mapreduce.testtablesplit.testhashcode_length,False,False,True
230,35.0,hbase,AssignmentManager,org.apache.hadoop.hbase.master.assignment.testassignmentmanager.testassignwithgoodexec,False,False,True
238,35.0,hbase,BaseLoadBalancer,org.apache.hadoop.hbase.master.balancer.testbaseloadbalancer.testregionavailability,False,False,True
243,35.0,hbase,RSGroupBasedLoadBalancer,org.apache.hadoop.hbase.master.balancer.testrsgroupbasedloadbalancer.testretainassignment,False,False,True
247,35.0,hbase,CleanerChore,org.apache.hadoop.hbase.master.cleaner.testcleanerchore.teststoppedcleanerdoesnotdeletefiles,True,True,False
254,35.0,hbase,LockManager,org.apache.hadoop.hbase.master.locking.testlockmanager.testmasterlockacquiretimeoutregionvstableexclusive,False,False,True
279,35.0,hbase,ModifyTableProcedure,org.apache.hadoop.hbase.master.procedure.testmodifytableprocedure.testrecoveryanddoubleexecutionoffline,False,False,True
292,35.0,hbase,DeadServer,org.apache.hadoop.hbase.master.testdeadserver.testisdead,False,False,True
297,35.0,hbase,MetricsMasterSourceImpl,org.apache.hadoop.hbase.master.testmetricsmastersourceimpl.testgetinstance,False,False,True
309,35.0,hbase,MobCompactor,org.apache.hadoop.hbase.mob.compactions.testmobcompactor.testcompactionwithhfilelink,True,False,True
315,35.0,hbase,PartitionedMobCompactor,org.apache.hadoop.hbase.mob.compactions.testpartitionedmobcompactor.testcompactionselectnofileswithincurrentweekmonthlypolicy,True,False,False
348,35.0,hbase,StateMachineProcedure,org.apache.hadoop.hbase.procedure2.teststatemachineprocedure.testchildbadrollbackstatecount,False,True,True
353,35.0,hbase,NoInsertsViolationPolicyEnforcement,org.apache.hadoop.hbase.quotas.policies.testnoinsertsviolationpolicyenforcement.testcheckappend,False,False,True
379,35.0,hbase,QuotaTableUtil,org.apache.hadoop.hbase.quotas.testquotatableutil.testnamespacequotautil,False,False,True
382,35.0,hbase,RateLimiter,org.apache.hadoop.hbase.quotas.testratelimiter.testunconfiguredlimiters,False,False,True
385,35.0,hbase,SnapshotQuotaObserverChore,org.apache.hadoop.hbase.quotas.testsnapshotquotaobserverchore.testsnapshotsfromnamespaces,False,True,True
399,35.0,hbase,CompactingMemStore,org.apache.hadoop.hbase.regionserver.testcompactingmemstore.testcompaction2buckets,False,False,True
400,35.0,hbase,CompactingMemStore,org.apache.hadoop.hbase.regionserver.testcompactingmemstore.testupdatetotimeofoldestedit,False,False,True
405,35.0,hbase,DateTieredCompactionPolicy,org.apache.hadoop.hbase.regionserver.testdatetieredcompactionpolicy.notincomingwindow,False,False,True
413,35.0,hbase,DefaultMemStore,org.apache.hadoop.hbase.regionserver.testdefaultmemstore.testshouldflushmeta,False,False,True
428,35.0,hbase,HRegion,org.apache.hadoop.hbase.regionserver.testhregion.testcheckandmutate_withwrongvalue,False,True,True
445,35.0,hbase,HRegion,org.apache.hadoop.hbase.regionserver.testhregion.testreversescanner_frommemstoreandhfiles_multicfs2,True,True,False
446,35.0,hbase,HRegion,org.apache.hadoop.hbase.regionserver.testhregion.testreversescanshouldnotscanmemstoreifreadptlesser,False,True,True
453,35.0,hbase,HRegion,org.apache.hadoop.hbase.regionserver.testhregion.testwriteswhilescanning,True,True,False
455,35.0,hbase,HStore,org.apache.hadoop.hbase.regionserver.testhstore.testcreatescannerandsnapshotconcurrently,False,False,True
462,35.0,hbase,HStoreFile,org.apache.hadoop.hbase.regionserver.testhstorefile.testemptystorefilerestrictkeyranges,True,False,True
470,35.0,hbase,MetricsRegionSourceImpl,org.apache.hadoop.hbase.regionserver.testmetricsregionsourceimpl.testnogetregionservermetricssourceimpl,False,False,True
487,35.0,hbase,StoreScanner,org.apache.hadoop.hbase.regionserver.teststorescanner.testdeletemarkerlongevity,False,False,True
490,35.0,hbase,StripeStoreEngine,org.apache.hadoop.hbase.regionserver.teststripestoreengine.testcreatebasedonconfig,False,False,True
503,35.0,hbase,WALActionsListener,org.apache.hadoop.hbase.regionserver.wal.testwalactionslistener.testactionlistener,False,False,True
515,35.0,hbase,ReplicationEndpoint,org.apache.hadoop.hbase.replication.testreplicationendpoint.testinterclusterreplication,False,False,True
522,35.0,hbase,ScannerModel,org.apache.hadoop.hbase.rest.model.testscannermodel.tesincorrecttfilterthrowsjpe,False,False,True
523,35.0,hbase,ScannerModel,org.apache.hadoop.hbase.rest.model.testscannermodel.testexistingfilter,False,False,True
548,35.0,hbase,AccessController,org.apache.hadoop.hbase.security.access.testaccesscontroller.testtruncateperms,False,False,True
549,35.0,hbase,AccessController,org.apache.hadoop.hbase.security.access.testaccesscontroller.testunassign,True,False,False
597,35.0,hbase,KeyValue,org.apache.hadoop.hbase.testkeyvalue.testequalsandhashcode,False,False,True
602,35.0,hbase,MetaTableAccessor,org.apache.hadoop.hbase.testmetatableaccessor.testgetregion,False,False,True
604,35.0,hbase,MetaTableAccessor,org.apache.hadoop.hbase.testmetatableaccessor.testmetalocationforregionreplicasisaddedattablecreation,False,False,True
606,35.0,hbase,PerformanceEvaluation,org.apache.hadoop.hbase.testperformanceevaluation.testparseoptsmultiputs,False,False,True
641,35.0,hbase,AbstractHBaseTool,org.apache.hadoop.hbase.util.abstracthbasetooltest.testoldoptionswork,False,False,True
647,35.0,hbase,ByteBufferArray,org.apache.hadoop.hbase.util.testbytebufferarray.testbytebuffercreation,False,False,True
650,35.0,hbase,ByteBufferUtils,org.apache.hadoop.hbase.util.testbytebufferutils.testequals,False,False,True
656,35.0,hbase,Bytes,org.apache.hadoop.hbase.util.testbytes.testbinarysearch,False,False,True
658,35.0,hbase,Bytes,org.apache.hadoop.hbase.util.testbytes.testgetbytesforbytebuffer,False,False,True
659,35.0,hbase,Bytes,org.apache.hadoop.hbase.util.testbytes.testincrementbytes,False,False,True
671,35.0,hbase,Compression,org.apache.hadoop.hbase.util.testcompressiontest.testtestcompression,False,True,True
712,35.0,hbase,WALFactory,org.apache.hadoop.hbase.wal.testwalfactory.testwalcoprocessorloaded,False,False,True
719,35.0,hbase,ZKMainServer,org.apache.hadoop.hbase.zookeeper.testzkmainserver.testhostportparse,False,True,True
725,35.0,hbase,HelloHBase,org.apache.hbase.archetypes.exemplars.shaded_client.testhellohbase.testnamespaceexists,False,False,True
14,35.0,hbase,AsyncAggregationClient,org.apache.hadoop.hbase.client.testasyncaggregationclient.testmedianwithweight,False,False,True
22,35.0,hbase,AsyncProcess,org.apache.hadoop.hbase.client.testasyncprocess.testreplicaallcallsfailforoneregion,False,False,True
49,35.0,hbase,ConnectionImplementation,org.apache.hadoop.hbase.client.testconnectionimplementation.testmulti,False,False,True
52,35.0,hbase,MetaCache,org.apache.hadoop.hbase.client.testmetacache.testpreservemetacacheonexception,False,False,True
55,35.0,hbase,Operation,org.apache.hadoop.hbase.client.testoperation.testoperationjson,False,True,True
60,35.0,hbase,SimpleRequestController,org.apache.hadoop.hbase.client.testsimplerequestcontroller.testtaskcountchecker,False,False,True
68,35.0,hbase,CellCodec,org.apache.hadoop.hbase.codec.testcellcodec.testone,False,False,True
79,35.0,hbase,ForeignExceptionDispatcher,org.apache.hadoop.hbase.errorhandling.testforeignexceptiondispatcher.testerrorpropagation,False,False,True
85,35.0,hbase,BitComparator,org.apache.hadoop.hbase.filter.testbitcomparator.testoroperation,False,False,True
95,35.0,hbase,Filter,org.apache.hadoop.hbase.filter.testfilter.testqualifierfilter,False,False,True
97,35.0,hbase,Filter,org.apache.hadoop.hbase.filter.testfilter.testskipfilter,False,False,True
110,35.0,hbase,FuzzyRowFilter,org.apache.hadoop.hbase.filter.testfuzzyrowfilter.testsatisfiesnounsafeforward,False,False,True
113,35.0,hbase,LongComparator,org.apache.hadoop.hbase.filter.testlongcomparator.testsimple,False,False,True
129,35.0,hbase,ParseFilter,org.apache.hadoop.hbase.filter.testparsefilter.testqualifierfilter,False,False,True
149,35.0,hbase,BucketCache,org.apache.hadoop.hbase.io.hfile.bucket.testbucketcache.testbucketallocator,False,False,True
150,35.0,hbase,BucketCache,org.apache.hadoop.hbase.io.hfile.bucket.testbucketcache.testcacheblocknextblockmetadatamissing,True,False,True
158,35.0,hbase,FixedFileTrailer,org.apache.hadoop.hbase.io.hfile.testfixedfiletrailer.testtrailerforv2nonpbcompatibility,True,False,True
162,35.0,hbase,HFileBlock,org.apache.hadoop.hbase.io.hfile.testhfileblock.testgzipcompression,False,False,True
187,35.0,hbase,NettyRpcServer,org.apache.hadoop.hbase.ipc.testnettyrpcserver.testnettyrpcserver,False,True,True
192,35.0,hbase,RowCounter,org.apache.hadoop.hbase.mapred.testrowcounter.shouldcreateandrunsubmittablejob,False,False,True
211,35.0,hbase,MultithreadedTableMapper,org.apache.hadoop.hbase.mapreduce.testmultithreadedtablemapper.testmultithreadedtablemapper,False,False,True
213,35.0,hbase,RegionSizeCalculator,org.apache.hadoop.hbase.mapreduce.testregionsizecalculator.testlargeregion,False,False,True
220,35.0,hbase,SyncTable,org.apache.hadoop.hbase.mapreduce.testsynctable.testsynctabledodeletesfalse,False,False,True
241,35.0,hbase,RSGroupBasedLoadBalancer,org.apache.hadoop.hbase.master.balancer.testrsgroupbasedloadbalancer.testbalancecluster,False,False,True
249,35.0,hbase,HFileCleaner,org.apache.hadoop.hbase.master.cleaner.testhfilecleaner.testremovesemptydirectories,True,True,False
262,35.0,hbase,CreateNamespaceProcedure,org.apache.hadoop.hbase.master.procedure.testcreatenamespaceprocedure.testcreatenamespacewithinvalidregioncount,False,False,True
266,35.0,hbase,CreateTableProcedure,org.apache.hadoop.hbase.master.procedure.testcreatetableprocedure.testrollbackanddoubleexecutiononmobtable,False,False,True
289,35.0,hbase,ActiveMasterManager,org.apache.hadoop.hbase.master.testactivemastermanager.testrestartmaster,False,False,True
293,35.0,hbase,DeadServer,org.apache.hadoop.hbase.master.testdeadserver.testsortextract,False,False,True
294,35.0,hbase,HMasterCommandLine,org.apache.hadoop.hbase.master.testhmastercommandline.testrun,False,False,True
307,35.0,hbase,RefCountingMap,org.apache.hadoop.hbase.metrics.impl.testrefcountingmap.testputmulti,False,False,True
321,35.0,hbase,MobFileName,org.apache.hadoop.hbase.mob.testmobfilename.testcreate,True,False,False
352,35.0,hbase,DisableTableViolationPolicyEnforcement,org.apache.hadoop.hbase.quotas.policies.testdisabletableviolationpolicyenforcement.testcheckput,False,False,True
358,35.0,hbase,NoWritesViolationPolicyEnforcement,org.apache.hadoop.hbase.quotas.policies.testnowritesviolationpolicyenforcement.testcheckappend,False,False,True
359,35.0,hbase,NoWritesViolationPolicyEnforcement,org.apache.hadoop.hbase.quotas.policies.testnowritesviolationpolicyenforcement.testcheckincrement,False,False,True
376,35.0,hbase,QuotaState,org.apache.hadoop.hbase.quotas.testquotastate.testquotastateupdateglobalthrottle,False,False,True
383,35.0,hbase,RateLimiter,org.apache.hadoop.hbase.quotas.testratelimiter.testwaitintervaltimeunitseconds,False,False,True
396,35.0,hbase,UserScanQueryMatcher,org.apache.hadoop.hbase.regionserver.querymatcher.testuserscanquerymatcher.testmatch_wildcard,False,False,True
398,35.0,hbase,ClusterId,org.apache.hadoop.hbase.regionserver.testclusterid.testrewritingclusteridtopb,True,False,False
404,35.0,hbase,DateTieredCompactionPolicy,org.apache.hadoop.hbase.regionserver.testdatetieredcompactionpolicy.negativeformajor,False,False,True
443,35.0,hbase,HRegion,org.apache.hadoop.hbase.regionserver.testhregion.testreversescanner_frommemstore_singlecf_fullscan,False,True,True
447,35.0,hbase,HRegion,org.apache.hadoop.hbase.regionserver.testhregion.testscanner_deleteonefamilynotanother,False,True,True
452,35.0,hbase,HRegion,org.apache.hadoop.hbase.regionserver.testhregion.testtoshownpeonregionscannerreseek,False,True,True
458,35.0,hbase,HStore,org.apache.hadoop.hbase.regionserver.testhstore.testrefreshstorefilesnotchanged,True,False,False
461,35.0,hbase,HStoreFile,org.apache.hadoop.hbase.regionserver.testhstorefile.testbloomfilter,True,True,False
477,35.0,hbase,RegionInfoBuilder,org.apache.hadoop.hbase.regionserver.testregioninfobuilder.testregionnameforregionreplicas,False,False,True
492,35.0,hbase,StripeStoreFileManager,org.apache.hadoop.hbase.regionserver.teststripestorefilemanager.testemptyresultsforstripes,True,False,True
511,35.0,hbase,ReplicationSource,org.apache.hadoop.hbase.replication.regionserver.testreplicationsource.testrecoveredreplicationsourceshippergetposition,False,True,True
513,35.0,hbase,SerialReplicationChecker,org.apache.hadoop.hbase.replication.regionserver.testserialreplicationchecker.testcanpushequalstobarrier,False,False,True
524,35.0,hbase,GZIPResponseWrapper,org.apache.hadoop.hbase.rest.testgzipresponsewrapper.testreset,False,False,True
542,35.0,hbase,AccessController,org.apache.hadoop.hbase.security.access.testaccesscontroller.testreadwrite,False,False,True
550,35.0,hbase,AccessController,org.apache.hadoop.hbase.security.access.testaccesscontroller.testwrite,False,False,True
560,35.0,hbase,ExpressionParser,org.apache.hadoop.hbase.security.visibility.testexpressionparser.testnegativecases,False,False,True
561,35.0,hbase,ExpressionParser,org.apache.hadoop.hbase.security.visibility.testexpressionparser.testnonasciicases,False,False,True
566,35.0,hbase,ProtobufUtil,org.apache.hadoop.hbase.shaded.protobuf.testprotobufutil.testtocell,True,False,False
572,35.0,hbase,CellBuilder,org.apache.hadoop.hbase.testcellbuilder.testextendedcellbuilderwithdeepcopy,False,False,True
594,35.0,hbase,KeyValue,org.apache.hadoop.hbase.testkeyvalue.testbasics,False,False,True
615,35.0,hbase,ThriftServer,org.apache.hadoop.hbase.thrift.testthriftserver.dotestgetregioninfo,False,False,True
619,35.0,hbase,ThriftHBaseServiceHandler,org.apache.hadoop.hbase.thrift2.testthrifthbaseservicehandler.testconsistency,False,False,True
621,35.0,hbase,ThriftHBaseServiceHandler,org.apache.hadoop.hbase.thrift2.testthrifthbaseservicehandler.testdeletemultiple,False,False,True
624,35.0,hbase,ThriftHBaseServiceHandler,org.apache.hadoop.hbase.thrift2.testthrifthbaseservicehandler.testmetrics,False,False,True
632,35.0,hbase,LoadIncrementalHFiles,org.apache.hadoop.hbase.tool.testloadincrementalhfiles.testsplitstorefilewithnonetoencoded,True,False,False
633,35.0,hbase,LoadIncrementalHFiles,org.apache.hadoop.hbase.tool.testloadincrementalhfiles.testsplitstorefilewithnonetonone,True,False,False
636,35.0,hbase,OrderedString,org.apache.hadoop.hbase.types.testorderedstring.testencodedlength,False,False,True
645,35.0,hbase,BloomFilterChunk,org.apache.hadoop.hbase.util.testbloomfilterchunk.testsizing,False,False,True
651,35.0,hbase,ByteBufferUtils,org.apache.hadoop.hbase.util.testbytebufferutils.testputint,False,False,True
691,35.0,hbase,OrderedBytes,org.apache.hadoop.hbase.util.testorderedbytes.testblobvar,False,False,True
692,35.0,hbase,OrderedBytes,org.apache.hadoop.hbase.util.testorderedbytes.testnumericintrealcompatibility,False,False,True
701,35.0,hbase,RegionSplitCalculator,org.apache.hadoop.hbase.util.testregionsplitcalculator.testsplitcalculatoreq,False,False,True
711,35.0,hbase,WALFactory,org.apache.hadoop.hbase.wal.testwalfactory.testsplit,False,True,True
714,35.0,hbase,HQuorumPeer,org.apache.hadoop.hbase.zookeeper.testhquorumpeer.testmakezkprops,False,False,True
715,35.0,hbase,HQuorumPeer,org.apache.hadoop.hbase.zookeeper.testhquorumpeer.testshouldassigndefaultzookeeperclientport,False,False,True
1,35.0,hbase,BackupManager,org.apache.hadoop.hbase.backup.testbackupmanager.teststartbackupexclusiveoperation,False,False,True
17,35.0,hbase,AsyncProcess,org.apache.hadoop.hbase.client.testasyncprocess.testerrorsservers,False,False,True
24,35.0,hbase,AsyncProcess,org.apache.hadoop.hbase.client.testasyncprocess.testsubmit,False,False,True
36,35.0,hbase,Attributes,org.apache.hadoop.hbase.client.testattributes.testdeleteid,False,False,True
57,35.0,hbase,ReversedScannerCallable,org.apache.hadoop.hbase.client.testreversedscannercallable.testprepareusescache,False,True,True
61,35.0,hbase,SimpleRequestController,org.apache.hadoop.hbase.client.testsimplerequestcontroller.testwaitformaximumcurrenttasks,False,False,True
64,35.0,hbase,TableDescriptorBuilder,org.apache.hadoop.hbase.client.testtabledescriptorbuilder.testgetmaxfilesize,True,False,True
74,35.0,hbase,Constraints,org.apache.hadoop.hbase.constraint.testconstraints.testconfigurationpreserved,False,False,True
83,35.0,hbase,BigDecimalComparator,org.apache.hadoop.hbase.filter.testbigdecimalcomparator.testgreaterthanvalue,False,False,True
112,35.0,hbase,InclusiveStopFilter,org.apache.hadoop.hbase.filter.testinclusivestopfilter.teststoprowidentification,False,False,True
114,35.0,hbase,MultipleColumnPrefixFilter,org.apache.hadoop.hbase.filter.testmultiplecolumnprefixfilter.testmultiplecolumnprefixfilterwithmanyfamilies,False,False,True
118,35.0,hbase,MultiRowRangeFilter,org.apache.hadoop.hbase.filter.testmultirowrangefilter.testmergeandsortwithoverlap,False,False,True
121,35.0,hbase,MultiRowRangeFilter,org.apache.hadoop.hbase.filter.testmultirowrangefilter.testmultirowrangewithfilterlistandoperator,False,False,True
124,35.0,hbase,NullComparator,org.apache.hadoop.hbase.filter.testnullcomparator.testnonnullvalue,False,False,True
125,35.0,hbase,ParseFilter,org.apache.hadoop.hbase.filter.testparsefilter.testcolumncountgetfilter,False,False,True
131,35.0,hbase,ParseFilter,org.apache.hadoop.hbase.filter.testparsefilter.testsinglecolumnvalueexcludefilter,False,False,True
148,35.0,hbase,KeyProvider,org.apache.hadoop.hbase.io.crypto.testkeyprovider.testtestprovider,False,True,True
157,35.0,hbase,CacheConfig,org.apache.hadoop.hbase.io.hfile.testcacheconfig.testl2cachewithinvalidbucketsize,False,False,True
170,35.0,hbase,LruBlockCache,org.apache.hadoop.hbase.io.hfile.testlrublockcache.testcacheevictiontwopriorities,False,False,True
194,35.0,hbase,TableInputFormat,org.apache.hadoop.hbase.mapred.testtableinputformat.testtablerecordreader,False,False,True
198,35.0,hbase,MultiTableInputFormatBase,org.apache.hadoop.hbase.mapreduce.multitableinputformattestbase.testscanyzytoempty,False,False,True
207,35.0,hbase,ImportTsv,org.apache.hadoop.hbase.mapreduce.testimporttsv.testdrymodewithbulkmodeandtabledoesnotexistscreatetablesettoyes,False,False,True
227,35.0,hbase,TableSnapshotInputFormat,org.apache.hadoop.hbase.mapreduce.testtablesnapshotinputformat.testwithmockedmapreduce,False,False,True
244,35.0,hbase,StochasticLoadBalancer,org.apache.hadoop.hbase.master.balancer.teststochasticloadbalancer.testcostfromarray,False,False,True
251,35.0,hbase,HFileCleaner,org.apache.hadoop.hbase.master.cleaner.testhfilecleaner.testttlcleaner,True,True,True
265,35.0,hbase,CreateNamespaceProcedure,org.apache.hadoop.hbase.master.procedure.testcreatenamespaceprocedure.testrecoveryanddoubleexecution,False,False,True
267,35.0,hbase,CreateTableProcedure,org.apache.hadoop.hbase.master.procedure.testcreatetableprocedure.testsimplecreatewithsplits,False,False,True
281,35.0,hbase,RestoreSnapshotProcedure,org.apache.hadoop.hbase.master.procedure.testrestoresnapshotprocedure.testrecoveryanddoubleexecution,False,False,True
282,35.0,hbase,ServerCrashProcedure,org.apache.hadoop.hbase.master.procedure.testservercrashprocedure.testcrashtargetrs,False,False,True
284,35.0,hbase,TruncateTableProcedure,org.apache.hadoop.hbase.master.procedure.testtruncatetableprocedure.testrecoveryanddoubleexecutionnopreservesplits,False,False,True
296,35.0,hbase,MasterStatusServlet,org.apache.hadoop.hbase.master.testmasterstatusservlet.teststatustemplatewithservers,False,False,True
302,35.0,hbase,Gauge,org.apache.hadoop.hbase.metrics.impl.testgauge.testgetvalue,False,False,True
311,35.0,hbase,MobCompactor,org.apache.hadoop.hbase.mob.compactions.testmobcompactor.testmajorcompactionwithweeklyfollowedbymonthly,False,False,True
337,35.0,hbase,WALProcedureStore,org.apache.hadoop.hbase.procedure2.store.wal.testwalprocedurestore.testcorruptedprocedures,True,True,False
338,35.0,hbase,WALProcedureStore,org.apache.hadoop.hbase.procedure2.store.wal.testwalprocedurestore.testcorruptedtrailer,True,True,False
342,35.0,hbase,WALProcedureStore,org.apache.hadoop.hbase.procedure2.store.wal.testwalprocedurestore.testwalcleanerupdates,True,True,False
356,35.0,hbase,NoWritesCompactionsViolationPolicyEnforcement,org.apache.hadoop.hbase.quotas.policies.testnowritescompactionsviolationpolicyenforcement.testcheckdelete,False,False,True
374,35.0,hbase,MasterQuotasObserver,org.apache.hadoop.hbase.quotas.testmasterquotasobserver.testtablespacequotaremoved,False,False,True
394,35.0,hbase,ScanDeleteTracker,org.apache.hadoop.hbase.regionserver.querymatcher.testscandeletetracker.testdeletekeepdelete,False,False,True
418,35.0,hbase,HeapMemoryManager,org.apache.hadoop.hbase.regionserver.testheapmemorymanager.testplugginginheapmemorytuner,False,False,True
439,35.0,hbase,HRegion,org.apache.hadoop.hbase.regionserver.testhregion.testgetscanner_withregionclosed,False,True,True
463,35.0,hbase,HStoreFile,org.apache.hadoop.hbase.regionserver.testhstorefile.testseqidcomparator,True,False,False
465,35.0,hbase,KeyValueHeap,org.apache.hadoop.hbase.regionserver.testkeyvalueheap.testsorted,False,False,True
469,35.0,hbase,MetricsRegionServerSourceImpl,org.apache.hadoop.hbase.regionserver.testmetricsregionserversourceimpl.testnogetregionservermetricssourceimpl,False,False,True
472,35.0,hbase,MobStoreScanner,org.apache.hadoop.hbase.regionserver.testmobstorescanner.testgetreferences,False,False,True
475,35.0,hbase,RegionInfoBuilder,org.apache.hadoop.hbase.regionserver.testregioninfobuilder.testbuilder,False,False,True
481,35.0,hbase,ServerNonceManager,org.apache.hadoop.hbase.regionserver.testservernoncemanager.testnoendwithoutstart,False,False,True
485,35.0,hbase,StoreScanner,org.apache.hadoop.hbase.regionserver.teststorescanner.testdeletedrowthengoodrow,False,False,True
486,35.0,hbase,StoreScanner,org.apache.hadoop.hbase.regionserver.teststorescanner.testdeletefamily,False,False,True
488,35.0,hbase,StoreScanner,org.apache.hadoop.hbase.regionserver.teststorescanner.testskipcolumn,False,False,True
500,35.0,hbase,FSHLog,org.apache.hadoop.hbase.regionserver.wal.testfshlog.testsyncrunnerindexoverflow,False,False,True
518,35.0,hbase,ReplicationStatus,org.apache.hadoop.hbase.replication.testreplicationstatus.testreplicationstatus,False,True,True
533,35.0,hbase,AccessController,org.apache.hadoop.hbase.security.access.testaccesscontroller.testaccesscontrolrevokeonlyfewpermission,False,False,True
535,35.0,hbase,AccessController,org.apache.hadoop.hbase.security.access.testaccesscontroller.testcompact,True,False,False
540,35.0,hbase,AccessController,org.apache.hadoop.hbase.security.access.testaccesscontroller.testhaspermission,False,False,True
553,35.0,hbase,CoprocessorWhitelistMasterObserver,org.apache.hadoop.hbase.security.access.testcoprocessorwhitelistmasterobserver.testschemewhitelisted,False,False,True
583,35.0,hbase,CompoundConfiguration,org.apache.hadoop.hbase.testcompoundconfiguration.testwithconfig,False,False,True
598,35.0,hbase,KeyValue,org.apache.hadoop.hbase.testkeyvalue.testgettimestamp,False,False,True
605,35.0,hbase,MetaTableAccessor,org.apache.hadoop.hbase.testmetatableaccessor.testretrying,False,False,True
634,35.0,hbase,LoadIncrementalHFiles,org.apache.hadoop.hbase.tool.testloadincrementalhfiles.testwithoutanexistingtableandcreatetablesettono,True,False,False
637,35.0,hbase,TerminatedWrapper,org.apache.hadoop.hbase.types.testterminatedwrapper.testnulldelimiter,False,False,True
646,35.0,hbase,BoundedPriorityBlockingQueue,org.apache.hadoop.hbase.util.testboundedpriorityblockingqueue.testpollinexecutor,False,False,True
655,35.0,hbase,Bytes,org.apache.hadoop.hbase.util.testbytes.testadd,False,False,True
657,35.0,hbase,Bytes,org.apache.hadoop.hbase.util.testbytes.testfixedsizestring,False,False,True
676,35.0,hbase,EnvironmentEdgeManager,org.apache.hadoop.hbase.util.testenvironmentedgemanager.testcurrenttimeinmillis,False,False,True
687,35.0,hbase,JRubyFormat,org.apache.hadoop.hbase.util.testjrubyformat.testescape,False,False,True
697,35.0,hbase,RegionMover,org.apache.hadoop.hbase.util.testregionmover.testunloadwithack,False,False,True
702,35.0,hbase,RegionSplitCalculator,org.apache.hadoop.hbase.util.testregionsplitcalculator.testsplitcalculatorsingleedge,False,False,True
710,35.0,hbase,WALFactory,org.apache.hadoop.hbase.wal.testwalfactory.testonlysetwalprovider,False,False,True
716,35.0,hbase,RecoverableZooKeeper,org.apache.hadoop.hbase.zookeeper.testrecoverablezookeeper.testsetdataversionmismatchinloop,False,True,True
720,35.0,hbase,ZKNodeTracker,org.apache.hadoop.hbase.zookeeper.testzknodetracker.testcleanznode,False,False,True
723,35.0,hbase,HelloHBase,org.apache.hbase.archetypes.exemplars.client.testhellohbase.testnamespaceexists,False,False,True
5,35.0,hbase,BackupSystemTable,org.apache.hadoop.hbase.backup.testbackupsystemtable.testbackupsetaddnotexists,False,False,True
48,35.0,hbase,ConnectionImplementation,org.apache.hadoop.hbase.client.testconnectionimplementation.testconnectionmanagement,False,False,True
51,35.0,hbase,Increment,org.apache.hadoop.hbase.client.testincrement.testincrementinstance,False,False,True
78,35.0,hbase,WALObserver,org.apache.hadoop.hbase.coprocessor.testwalobserver.testwalobserverroll,False,False,True
84,35.0,hbase,BigDecimalComparator,org.apache.hadoop.hbase.filter.testbigdecimalcomparator.testobjectequals,False,False,True
101,35.0,hbase,FilterList,org.apache.hadoop.hbase.filter.testfilterlist.testmpone,False,False,True
105,35.0,hbase,FilterList,org.apache.hadoop.hbase.filter.testfilterlist.testrowcountfilter,False,False,True
115,35.0,hbase,MultiRowRangeFilter,org.apache.hadoop.hbase.filter.testmultirowrangefilter.testmergeandsortwithemptystartrow,False,False,True
126,35.0,hbase,ParseFilter,org.apache.hadoop.hbase.filter.testparsefilter.testcompoundfilter4,False,False,True
133,35.0,hbase,ParseFilter,org.apache.hadoop.hbase.filter.testparsefilter.testunescapedquote2,False,False,True
137,35.0,hbase,JMXJsonServlet,org.apache.hadoop.hbase.http.jmx.testjmxjsonservlet.assertrefind,False,False,True
165,35.0,hbase,HFileBlockIndex,org.apache.hadoop.hbase.io.hfile.testhfileblockindex.testintermediatelevelindiceswithlargekeyswithminnumentries,False,False,True
167,35.0,hbase,HFileDataBlockEncoder,org.apache.hadoop.hbase.io.hfile.testhfiledatablockencoder.testencodingwithcache,False,False,True
178,35.0,hbase,ImmutableBytesWritable,org.apache.hadoop.hbase.io.testimmutablebyteswritable.testspecificcompare,False,False,True
181,35.0,hbase,BufferChain,org.apache.hadoop.hbase.ipc.testbufferchain.testwithspy,True,False,True
203,35.0,hbase,HFileOutputFormat2,org.apache.hadoop.hbase.mapreduce.testhfileoutputformat2.testmrincrementalload,False,False,True
210,35.0,hbase,MultiTableSnapshotInputFormatImpl,org.apache.hadoop.hbase.mapreduce.testmultitablesnapshotinputformatimpl.testsetinputsetssnapshottoscans,False,False,True
218,35.0,hbase,RowCounter,org.apache.hadoop.hbase.mapreduce.testrowcounter.testrowcounterrowsinglerangeupperbound,False,False,True
231,35.0,hbase,AssignmentManager,org.apache.hadoop.hbase.master.assignment.testassignmentmanager.testunassignanunassignedregion,False,False,True
232,35.0,hbase,MergeTableRegionsProcedure,org.apache.hadoop.hbase.master.assignment.testmergetableregionsprocedure.testmergetworegions,False,False,True
250,35.0,hbase,HFileCleaner,org.apache.hadoop.hbase.master.cleaner.testhfilecleaner.testthreadcleanup,True,True,False
256,35.0,hbase,LockProcedure,org.apache.hadoop.hbase.master.locking.testlockprocedure.testlockrequestvalidationemptynamespacename,False,False,True
261,35.0,hbase,SimpleRegionNormalizer,org.apache.hadoop.hbase.master.normalizer.testsimpleregionnormalizer.testsplitwithtargetregionsize,False,False,True
274,35.0,hbase,MasterProcedureScheduler,org.apache.hadoop.hbase.master.procedure.testmasterprocedurescheduler.testverifyregionlocks,False,False,True
278,35.0,hbase,ModifyNamespaceProcedure,org.apache.hadoop.hbase.master.procedure.testmodifynamespaceprocedure.testmodifynamespacewithinvalidtablecount,False,True,True
295,35.0,hbase,MasterStatusServlet,org.apache.hadoop.hbase.master.testmasterstatusservlet.teststatustemplatenotables,False,False,True
310,35.0,hbase,MobCompactor,org.apache.hadoop.hbase.mob.compactions.testmobcompactor.testmajorcompactionfromadmin,True,False,True
340,35.0,hbase,WALProcedureStore,org.apache.hadoop.hbase.procedure2.store.wal.testwalprocedurestore.testwalcleanernoholes,True,True,True
344,35.0,hbase,ProcedureExecutor,org.apache.hadoop.hbase.procedure2.testprocedureexecutor.testsubmitbatch,False,False,True
361,35.0,hbase,ActivePolicyEnforcement,org.apache.hadoop.hbase.quotas.testactivepolicyenforcement.testnonviolatingquotacachespolicyenforcment,False,False,True
363,35.0,hbase,ActivePolicyEnforcement,org.apache.hadoop.hbase.quotas.testactivepolicyenforcement.testnoquotareturnssingletonpolicyenforcement,False,False,True
373,35.0,hbase,MasterQuotasObserver,org.apache.hadoop.hbase.quotas.testmasterquotasobserver.testnamespacespacequotaremoved,False,False,True
378,35.0,hbase,QuotaState,org.apache.hadoop.hbase.quotas.testquotastate.testtablethrottlewithbatch,False,False,True
395,35.0,hbase,ScanWildcardColumnTracker,org.apache.hadoop.hbase.regionserver.querymatcher.testscanwildcardcolumntracker.disabledtestcheckcolumnwrongorder,False,False,True
415,35.0,hbase,DefaultStoreEngine,org.apache.hadoop.hbase.regionserver.testdefaultstoreengine.testcustomparts,False,False,True
423,35.0,hbase,HRegion,org.apache.hadoop.hbase.regionserver.testhregion.testappendwithreadonlytable,False,True,True
441,35.0,hbase,HRegion,org.apache.hadoop.hbase.regionserver.testhregion.testgetwithfilter,False,True,True
450,35.0,hbase,HRegion,org.apache.hadoop.hbase.regionserver.testhregion.testskiprecoverededitsreplaythelastfileignored,True,True,False
454,35.0,hbase,HRegionInfo,org.apache.hadoop.hbase.regionserver.testhregioninfo.testcomparator,False,False,True
460,35.0,hbase,HStore,org.apache.hadoop.hbase.regionserver.testhstore.testswitchingpreadtostreamparallelywithcompactiondischarger,True,True,False
483,35.0,hbase,SplitLogWorker,org.apache.hadoop.hbase.regionserver.testsplitlogworker.testrescan,True,False,True
493,35.0,hbase,StripeStoreFileManager,org.apache.hadoop.hbase.regionserver.teststripestorefilemanager.testgetstripeboundarysplits,False,False,True
510,35.0,hbase,ReplicationSinkManager,org.apache.hadoop.hbase.replication.regionserver.testreplicationsinkmanager.testreportbadsink_pastthreshold,False,False,True
528,35.0,hbase,ScannerResource,org.apache.hadoop.hbase.rest.testscannerresource.testsimplescannerxml,False,True,True
529,35.0,hbase,TableResource,org.apache.hadoop.hbase.rest.testtableresource.testtablelistpb,False,False,True
534,35.0,hbase,AccessController,org.apache.hadoop.hbase.security.access.testaccesscontroller.testbalanceswitch,True,False,False
547,35.0,hbase,AccessController,org.apache.hadoop.hbase.security.access.testaccesscontroller.testtransitsyncreplicationpeerstate,True,False,False
551,35.0,hbase,CoprocessorWhitelistMasterObserver,org.apache.hadoop.hbase.security.access.testcoprocessorwhitelistmasterobserver.testblanketwhitelist,False,False,True
554,35.0,hbase,ZKPermissionWatcher,org.apache.hadoop.hbase.security.access.testzkpermissionwatcher.testpermissionswatcher,False,False,True
557,35.0,hbase,HBaseSaslRpcClient,org.apache.hadoop.hbase.security.testhbasesaslrpcclient.testsaslclientcallbackhandlerwithexception,False,False,True
562,35.0,hbase,ProtobufUtil,org.apache.hadoop.hbase.shaded.protobuf.testprotobufutil.testincrement,False,False,True
563,35.0,hbase,ProtobufUtil,org.apache.hadoop.hbase.shaded.protobuf.testprotobufutil.testnamespacelockinfo,False,False,True
576,35.0,hbase,CellUtil,org.apache.hadoop.hbase.testcellutil.testwritecell,False,False,True
578,35.0,hbase,ChoreService,org.apache.hadoop.hbase.testchoreservice.testscheduledchoreconstruction,False,False,True
587,35.0,hbase,HTableDescriptor,org.apache.hadoop.hbase.testhtabledescriptor.testaddcoprocessorwithspecstr,False,False,True
588,35.0,hbase,HTableDescriptor,org.apache.hadoop.hbase.testhtabledescriptor.testaddduplicatefamilies,False,False,True
589,35.0,hbase,HTableDescriptor,org.apache.hadoop.hbase.testhtabledescriptor.testclassmethodsarebuilderstyle,False,False,True
590,35.0,hbase,HTableDescriptor,org.apache.hadoop.hbase.testhtabledescriptor.testmodifyinexistentfamily,False,False,True
601,35.0,hbase,KeyValue,org.apache.hadoop.hbase.testkeyvalue.teststackedupkeyvalue,False,False,True
603,35.0,hbase,MetaTableAccessor,org.apache.hadoop.hbase.testmetatableaccessor.testmasterssystemtimeisusedinmergeregions,False,False,True
611,35.0,hbase,RegionLocations,org.apache.hadoop.hbase.testregionlocations.testupdatelocation,False,False,True
626,35.0,hbase,ThriftHBaseServiceHandler,org.apache.hadoop.hbase.thrift2.testthrifthbaseservicehandler.testmutaterow,False,False,True
629,35.0,hbase,LoadIncrementalHFiles,org.apache.hadoop.hbase.tool.testloadincrementalhfiles.testinferboundaries,True,False,True
631,35.0,hbase,LoadIncrementalHFiles,org.apache.hadoop.hbase.tool.testloadincrementalhfiles.testregioncrossinghfilesplitrowcolbloom,True,False,False
660,35.0,hbase,Bytes,org.apache.hadoop.hbase.util.testbytes.testnullhashcode,False,False,True
663,35.0,hbase,Bytes,org.apache.hadoop.hbase.util.testbytes.testsplit3,False,False,True
668,35.0,hbase,Bytes,org.apache.hadoop.hbase.util.testbytes.testunsignedbinarysearch,False,False,True
672,35.0,hbase,ConnectionCache,org.apache.hadoop.hbase.util.testconnectioncache.testconnectionchore,False,False,True
679,35.0,hbase,FSHDFSUtils,org.apache.hadoop.hbase.util.testfshdfsutils.testrecoverlease,True,False,False
684,35.0,hbase,FSUtils,org.apache.hadoop.hbase.util.testfsutils.testcopyfilesparallel,True,True,True
688,35.0,hbase,JRubyFormat,org.apache.hadoop.hbase.util.testjrubyformat.testprint,False,False,True
698,35.0,hbase,RegionSplitCalculator,org.apache.hadoop.hbase.util.testregionsplitcalculator.testbeginendmarker,False,False,True
19,35.0,hbase,AsyncProcess,org.apache.hadoop.hbase.client.testasyncprocess.testmaxtask,False,False,True
41,35.0,hbase,ClientScanner,org.apache.hadoop.hbase.client.testclientscanner.testsizelimit,False,False,True
54,35.0,hbase,Mutation,org.apache.hadoop.hbase.client.testmutation.testputcopyconstructor,False,False,True
59,35.0,hbase,Scan,org.apache.hadoop.hbase.client.testscan.testsetstartrowandsetstoprow,False,False,True
71,35.0,hbase,ConfigurationManager,org.apache.hadoop.hbase.conf.testconfigurationmanager.testderegisteronoutofscope,False,False,True
90,35.0,hbase,Filter,org.apache.hadoop.hbase.filter.testfilter.test94filterrowcompatibility,False,False,True
93,35.0,hbase,Filter,org.apache.hadoop.hbase.filter.testfilter.testlatestversionfilterwithexplicitcolumn,False,False,True
100,35.0,hbase,FilterList,org.apache.hadoop.hbase.filter.testfilterlist.testmpall,False,False,True
117,35.0,hbase,MultiRowRangeFilter,org.apache.hadoop.hbase.filter.testmultirowrangefilter.testmergeandsortwithemptystoprow,False,False,True
120,35.0,hbase,MultiRowRangeFilter,org.apache.hadoop.hbase.filter.testmultirowrangefilter.testmultirowrangefilterwithinclusive,False,False,True
132,35.0,hbase,ParseFilter,org.apache.hadoop.hbase.filter.testparsefilter.testtimestampsfilter,False,False,True
141,35.0,hbase,HtmlQuoting,org.apache.hadoop.hbase.http.testhtmlquoting.testneedsquoting,False,False,True
169,35.0,hbase,LruBlockCache,org.apache.hadoop.hbase.io.hfile.testlrublockcache.testcacheevictionthreepriorities,False,False,True
175,35.0,hbase,FileLink,org.apache.hadoop.hbase.io.testfilelink.testlinkreadwithmissingfile,True,True,False
179,35.0,hbase,TagCompressionContext,org.apache.hadoop.hbase.io.testtagcompressioncontext.testcompressuncompresstagswithoffheapkeyvalue2,True,False,True
185,35.0,hbase,IPCUtil,org.apache.hadoop.hbase.ipc.testipcutil.testwrapexception,False,False,True
193,35.0,hbase,TableInputFormat,org.apache.hadoop.hbase.mapred.testtableinputformat.testextensionoftableinputformatbase,False,False,True
196,35.0,hbase,TableMapReduceUtil,org.apache.hadoop.hbase.mapred.testtablemapreduceutil.shoudbevalidmapreducewithpartitionerevaluation,True,True,False
216,35.0,hbase,RowCounter,org.apache.hadoop.hbase.mapreduce.testrowcounter.testrowcounterhiddencolumn,False,False,True
222,35.0,hbase,TableInputFormat,org.apache.hadoop.hbase.mapreduce.testtableinputformat.testextensionoftableinputformatbase,False,False,True
240,35.0,hbase,RegionLocationFinder,org.apache.hadoop.hbase.master.balancer.testregionlocationfinder.testgettopblocklocations,False,False,True
260,35.0,hbase,SimpleRegionNormalizer,org.apache.hadoop.hbase.master.normalizer.testsimpleregionnormalizer.testsplitoflargeregion,False,False,True
264,35.0,hbase,CreateNamespaceProcedure,org.apache.hadoop.hbase.master.procedure.testcreatenamespaceprocedure.testcreatesystemnamespace,False,False,True
285,35.0,hbase,TruncateTableProcedure,org.apache.hadoop.hbase.master.procedure.testtruncatetableprocedure.testsimpletruncate,False,False,True
304,35.0,hbase,MetricRegistryImpl,org.apache.hadoop.hbase.metrics.impl.testmetricregistryimpl.testgetmetrics,False,False,True
305,35.0,hbase,MetricRegistryImpl,org.apache.hadoop.hbase.metrics.impl.testmetricregistryimpl.testregister,False,False,True
314,35.0,hbase,PartitionedMobCompactor,org.apache.hadoop.hbase.mob.compactions.testpartitionedmobcompactor.testcompactfileswithmultidelfiles,True,False,True
318,35.0,hbase,DefaultMobStoreFlusher,org.apache.hadoop.hbase.mob.testdefaultmobstoreflusher.testflushnonmobfile,True,False,False
328,35.0,hbase,MultiByteBuff,org.apache.hadoop.hbase.nio.testmultibytebuff.testmarkandresetwithmbb,False,False,True
331,35.0,hbase,ProcedureCoordinator,org.apache.hadoop.hbase.procedure.testprocedurecoordinator.testunreachablecontrollerduringcommit,False,False,True
345,35.0,hbase,ProcedureInMemoryChore,org.apache.hadoop.hbase.procedure2.testprocedureinmemorychore.testchoreaddandremove,False,False,True
347,35.0,hbase,ProcedureUtil,org.apache.hadoop.hbase.procedure2.testprocedureutil.testgetbackofftimems,False,False,True
370,35.0,hbase,MasterQuotaManager,org.apache.hadoop.hbase.quotas.testmasterquotamanager.testuninitializedquotamanangerdoesnotfail,False,False,True
391,35.0,hbase,StripeCompactor,org.apache.hadoop.hbase.regionserver.compactions.teststripecompactor.testsizecompactions,False,False,True
392,35.0,hbase,NewVersionBehaviorTracker,org.apache.hadoop.hbase.regionserver.querymatcher.testnewversionbehaviortracker.testmaxversionmask,False,False,True
408,35.0,hbase,DefaultMemStore,org.apache.hadoop.hbase.regionserver.testdefaultmemstore.testkeepdeleteinmemstore,False,False,True
421,35.0,hbase,HMobStore,org.apache.hadoop.hbase.regionserver.testhmobstore.testmobstoreencryption,True,False,False
426,35.0,hbase,HRegion,org.apache.hadoop.hbase.regionserver.testhregion.testbatchputwithtsslop,False,True,True
437,35.0,hbase,HRegion,org.apache.hadoop.hbase.regionserver.testhregion.testget_familychecker,False,True,True
442,35.0,hbase,HRegion,org.apache.hadoop.hbase.regionserver.testhregion.testrecoverededitsreplaycompaction,False,True,True
448,35.0,hbase,HRegion,org.apache.hadoop.hbase.regionserver.testhregion.testscanner_wildcard_frommemstore_enforceversions,False,True,True
484,35.0,hbase,StoreFileInfo,org.apache.hadoop.hbase.regionserver.teststorefileinfo.testequalswithlink,True,True,True
501,35.0,hbase,SequenceIdAccounting,org.apache.hadoop.hbase.regionserver.wal.testsequenceidaccounting.testarealllower,False,False,True
507,35.0,hbase,RegionReplicaReplicationEndpoint,org.apache.hadoop.hbase.replication.regionserver.testregionreplicareplicationendpoint.testregionreplicareplicationwith3replicas,False,False,True
526,35.0,hbase,MultiRowResource,org.apache.hadoop.hbase.rest.testmultirowresource.testmulticellgetjsonnotfound,False,False,True
531,35.0,hbase,TableResource,org.apache.hadoop.hbase.rest.testtableresource.testtablelistxml,False,False,True
532,35.0,hbase,VersionResource,org.apache.hadoop.hbase.rest.testversionresource.testgetstargateversionpb,False,False,True
537,35.0,hbase,AccessController,org.apache.hadoop.hbase.security.access.testaccesscontroller.testgetlocks,True,False,False
538,35.0,hbase,AccessController,org.apache.hadoop.hbase.security.access.testaccesscontroller.testgetprocedures,True,False,False
543,35.0,hbase,AccessController,org.apache.hadoop.hbase.security.access.testaccesscontroller.testremotelocks,True,False,False
558,35.0,hbase,User,org.apache.hadoop.hbase.security.testuser.testrunas,False,False,True
575,35.0,hbase,CellUtil,org.apache.hadoop.hbase.testcellutil.testmatchingcellfieldsfrombytebufferedcell,False,False,True
577,35.0,hbase,ChoreService,org.apache.hadoop.hbase.testchoreservice.testforcetrigger,False,False,True
580,35.0,hbase,ClassFinder,org.apache.hadoop.hbase.testclassfinder.testclassfinderhandlesnestedpackages,True,False,False
581,35.0,hbase,CompoundConfiguration,org.apache.hadoop.hbase.testcompoundconfiguration.testlaterconfigsoverrideearlier,False,False,True
596,35.0,hbase,KeyValue,org.apache.hadoop.hbase.testkeyvalue.testcolumncompare_prefix,False,False,True
609,35.0,hbase,RegionLoad,org.apache.hadoop.hbase.testregionload.testregionload,False,False,True
625,35.0,hbase,ThriftHBaseServiceHandler,org.apache.hadoop.hbase.thrift2.testthrifthbaseservicehandler.testmetricswithexception,False,False,True
640,35.0,hbase,AbstractHBaseTool,org.apache.hadoop.hbase.util.abstracthbasetooltest.testnewoptionoverridesoldoption,False,False,True
643,35.0,hbase,AvlUtil,org.apache.hadoop.hbase.util.testavlutil.testavltreeiterseekto,False,False,True
654,35.0,hbase,Bytes,org.apache.hadoop.hbase.util.testbytes.checktestincrementbytes,False,False,True
661,35.0,hbase,Bytes,org.apache.hadoop.hbase.util.testbytes.testshort,False,False,True
662,35.0,hbase,Bytes,org.apache.hadoop.hbase.util.testbytes.testsplit,False,False,True
664,35.0,hbase,Bytes,org.apache.hadoop.hbase.util.testbytes.teststartswith,False,False,True
674,35.0,hbase,DynamicClassLoader,org.apache.hadoop.hbase.util.testdynamicclassloader.testloadclassfromlocalpathwithdynamicdiroff,False,False,True
675,35.0,hbase,Encryption,org.apache.hadoop.hbase.util.testencryptiontest.testtestcipher,False,False,True
683,35.0,hbase,FSTableDescriptors,org.apache.hadoop.hbase.util.testfstabledescriptors.testtableinfofilestatuscomparator,True,True,True
685,35.0,hbase,HFileArchiveUtil,org.apache.hadoop.hbase.util.testhfilearchiveutil.testgetarchivepath,True,True,True
686,35.0,hbase,HFileArchiveUtil,org.apache.hadoop.hbase.util.testhfilearchiveutil.testregionarchivedir,True,False,True
693,35.0,hbase,OrderedBytes,org.apache.hadoop.hbase.util.testorderedbytes.teststring,False,False,True
700,35.0,hbase,RegionSplitCalculator,org.apache.hadoop.hbase.util.testregionsplitcalculator.testsplitcalculatordegenerateedge,False,False,True
717,35.0,hbase,ZKConfig,org.apache.hadoop.hbase.zookeeper.testzkconfig.testclusterkey,False,False,True
