157,5,wro4j,CacheKey,ro.isdc.wro.cache.testcachekey.shoulddifferwhencontainingdifferentattributes,False,True
173,5,wro4j,WebjarsUriLocator,ro.isdc.wro.extensions.locator.testwebjarsurilocator.cannotcreatevalidurifromnullargument,True,True
188,5,wro4j,AbstractNodeWithFallbackProcessor,ro.isdc.wro.extensions.processor.js.testabstractnodewithfallbackprocessor.shouldnotfailwhenprocessoriscreatedconcurrently,True,True
202,5,wro4j,OptionsBuilder,ro.isdc.wro.extensions.processor.support.linter.testoptionsbuilder.splitingemptyoption,False,False
205,5,wro4j,RubySassEngine,ro.isdc.wro.extensions.processor.support.sass.testrubysassengine.shouldprocessvalidcss,False,True
215,5,wro4j,GoogleClosureCompressorProcessor,ro.isdc.wro.extensions.processor.testgoogleclosurecompressorprocessor.shouldminimizewhenusedaslazyprocessor,True,False
220,5,wro4j,JsonHPackProcessor,ro.isdc.wro.extensions.processor.testjsonhpackprocessor.testpackfromfolder,False,True
221,5,wro4j,Less4jProcessor,ro.isdc.wro.extensions.processor.testless4jprocessor.shouldbethreadsafe,False,True
233,5,wro4j,RhinoLessCssProcessor,ro.isdc.wro.extensions.processor.testrhinolesscssprocessor.shouldbethreadsafe,False,True
243,5,wro4j,YUICssCompressorProcessor,ro.isdc.wro.extensions.processor.testyuicsscompressorprocessor.shouldsupportcorrectresourcetypes,True,True
252,5,wro4j,ReloadCacheRequestHandler,ro.isdc.wro.http.handler.testreloadcacherequesthandler.shouldhandlerequest,True,False
255,5,wro4j,ResourceProxyRequestHandler,ro.isdc.wro.http.handler.testresourceproxyrequesthandler.shouldsetresponselength,False,True
256,5,wro4j,ResourceWatcherRequestHandler,ro.isdc.wro.http.handler.testresourcewatcherrequesthandler.shouldnotacceptrequest,True,True
276,5,wro4j,WroFilter,ro.isdc.wro.http.testwrofilter.shoulduseprocessorsconfiguredinwroproperties,True,True
279,5,wro4j,WroFilter,ro.isdc.wro.http.testwrofilter.testinvalidgroupnameexceptionthrownindeploymentmode,True,True
290,5,wro4j,ConfigurableWroManagerFactory,ro.isdc.wro.manager.factory.testconfigurablewromanagerfactory.cannotconfigureinvalidnamingstrategy,False,False
291,5,wro4j,ConfigurableWroManagerFactory,ro.isdc.wro.manager.factory.testconfigurablewromanagerfactory.cannotconfigureinvalidrequesthandler,False,False
310,5,wro4j,WroManager,ro.isdc.wro.manager.testwromanager.shouldnotignoreinvalidimportwhenimportedresourceismissing,True,True
318,5,wro4j,ConfigurableWroManagerFactory,ro.isdc.wro.maven.plugin.factory.testconfigurablewromanagerfactory.shoulduseconfiguredmodelfactory,True,True
321,5,wro4j,ConfigurableWroManagerFactory,ro.isdc.wro.maven.plugin.factory.testconfigurablewromanagerfactory.testwithemptypostprocessors,False,True
326,5,wro4j,ProgressIndicator,ro.isdc.wro.maven.plugin.support.testprogressindicator.cannotaddzeroerrors,True,True
331,5,wro4j,CssLintMojo,ro.isdc.wro.maven.plugin.testcsslintmojo.shouldanalyzevalidresources,False,True
343,5,wro4j,JsLintMojo,ro.isdc.wro.maven.plugin.testjslintmojo.testemptyoptions,False,False
351,5,wro4j,Wro4jMojo,ro.isdc.wro.maven.plugin.testwro4jmojo.testmojowithcustommanagerfactorywithinvalidresourceandignoremissingresources,False,True
363,5,wro4j,GroupsProcessor,ro.isdc.wro.model.group.processor.testgroupsprocessor.shouldreturnemptystringwhengrouphasnoresources,True,True
398,5,wro4j,DefaultWildcardStreamLocator,ro.isdc.wro.model.resource.locator.wildcard.testdefaultwildcardstreamlocator.testwildcardpresent3,False,False
410,5,wro4j,LazyProcessorDecorator,ro.isdc.wro.model.resource.processor.decorator.testlazyprocessordecorator.shouldinvokelazyprocessor,True,True
421,5,wro4j,CssImportInspector,ro.isdc.wro.model.resource.processor.support.testcssimportinspector.shouldremoveimports,True,True
430,5,wro4j,CssImportPreProcessor,ro.isdc.wro.model.resource.processor.testcssimportpreprocessor.shouldcorrectlydetectimportwithdoublequotes,True,True
443,5,wro4j,LessCssImportPreProcessor,ro.isdc.wro.model.resource.processor.testlesscssimportpreprocessor.testfromfolder,True,True
457,5,wro4j,ResourceWatcher,ro.isdc.wro.model.resource.support.change.testresourcewatcher.shouldremovekeyfromcachestrategywhenchangedetected,True,True
472,5,wro4j,DefaultResourceAuthorizationManager,ro.isdc.wro.model.resource.support.testdefaultresourceauthorizationmanager.shoudlignorequerypathwhenresourcecheckedforauthorization,False,False
476,5,wro4j,Resource,ro.isdc.wro.model.resource.testresource.shouldnotacceptnullresourcetype,False,True
483,5,wro4j,WroModelInspector,ro.isdc.wro.model.testwromodelinspector.testgetgroupnames,True,False
486,5,wro4j,ProviderFinder,ro.isdc.wro.util.provider.testproviderfinder.shouldfindnamingstrategyproviders,False,False
489,5,wro4j,SchedulerHelper,ro.isdc.wro.util.testschedulerhelper.schedulewithsameperiods,True,True
490,5,wro4j,StringUtils,ro.isdc.wro.util.teststringutils.shouldcleanpathcontainingmultipledoubledots,False,True
152,5,wro4j,DefaultCacheKeyFactory,ro.isdc.wro.cache.factory.testdefaultcachekeyfactory.shouldcreatenullcachekeywhenrequestdoesnotgroupname,False,False
154,5,wro4j,DefaultSynchronizedCacheStrategyDecorator,ro.isdc.wro.cache.support.testdefaultsynchronizedcachestrategydecorator.shoulddecoratecachestrategy,True,True
167,5,wro4j,PropertyWroConfigurationFactory,ro.isdc.wro.config.factory.testpropertywroconfigurationfactory.invalidbooleanfallbackstofalse,False,False
170,5,wro4j,DefaultMetaDataFactory,ro.isdc.wro.config.metadata.testdefaultmetadatafactory.shouldcreateemptymapbydefault,True,True
172,5,wro4j,ModelAsJsonRequestHandler,ro.isdc.wro.extensions.http.handler.testmodelasjsonrequesthandler.shouldnotacceptrequestswithwronguri,True,False
174,5,wro4j,WebjarsUriLocator,ro.isdc.wro.extensions.locator.testwebjarsurilocator.shouldfindvalidwebjar,True,True
180,5,wro4j,GroovyModelFactory,ro.isdc.wro.extensions.model.factory.testgroovymodelfactory.createvalidmodel,False,False
198,5,wro4j,JsHint,ro.isdc.wro.extensions.processor.support.linter.testjshint.shouldvalidatewithmultipleoptions,False,True
199,5,wro4j,JsHint,ro.isdc.wro.extensions.processor.support.linter.testjshint.shouldvalidatewithnooptions,False,False
204,5,wro4j,OptionsBuilder,ro.isdc.wro.extensions.processor.support.linter.testoptionsbuilder.splitoptionswithhiphen,True,False
207,5,wro4j,RubySassEngine,ro.isdc.wro.extensions.processor.support.sass.testrubysassengine.shouldreturnemptystringwhenemptycontentisprocessed,False,False
209,5,wro4j,BeautifyJsProcessor,ro.isdc.wro.extensions.processor.testbeautifyjsprocessor.shouldsupportcorrectresourcetypes,True,True
214,5,wro4j,GoogleClosureCompressorProcessor,ro.isdc.wro.extensions.processor.testgoogleclosurecompressorprocessor.shouldacceptnullexterns,False,True
219,5,wro4j,JsHintProcessor,ro.isdc.wro.extensions.processor.testjshintprocessor.cansetnulloptions,True,True
225,5,wro4j,NodeTypeScriptProcessor,ro.isdc.wro.extensions.processor.testnodetypescriptprocessor.shouldsupportcorrectresourcetypes,True,True
231,5,wro4j,PathPatternProcessorDecorator,ro.isdc.wro.extensions.processor.testpathpatternprocessordecorator.shouldapplypatternswhenexcludenotmatches,True,True
251,5,wro4j,LazyRequestHandlerDecorator,ro.isdc.wro.http.handler.testlazyrequesthandlerdecorator.cannotdecoratenullinitializer,True,True
266,5,wro4j,ServletContextAttributeHelper,ro.isdc.wro.http.support.testservletcontextattributehelper.cannotacceptemptynameargument,False,True
282,5,wro4j,WroFilter,ro.isdc.wro.http.testwrofilter.testvalidheaderparamisset,True,True
296,5,wro4j,ConfigurableWroManagerFactory,ro.isdc.wro.manager.factory.testconfigurablewromanagerfactory.testconfigpropertieswithvalidpostprocessor,False,False
301,5,wro4j,DefaultWroManagerFactory,ro.isdc.wro.manager.factory.testdefaultwromanagerfactory.shouldcreatemanagerfactory,False,True
304,5,wro4j,DefaultWroManagerFactory,ro.isdc.wro.manager.factory.testdefaultwromanagerfactory.shouldusevalidmodelisprovidedwhenusingconfigurablewromanagerfactory,True,True
325,5,wro4j,BuildContextHolder,ro.isdc.wro.maven.plugin.support.testbuildcontextholder.shouldnotstorevalueassociatedwithnullkey,True,False
332,5,wro4j,CssLintMojo,ro.isdc.wro.maven.plugin.testcsslintmojo.shouldgeneratexmlreportfilewithcheckstyleformat,True,True
348,5,wro4j,Wro4jMojo,ro.isdc.wro.maven.plugin.testwro4jmojo.shouldrefreshparentfolderwhenbuildcontextset,True,True
353,5,wro4j,Wro4jMojo,ro.isdc.wro.maven.plugin.testwro4jmojo.testonlycssdestinationfolderset,True,True
362,5,wro4j,XmlModelFactory,ro.isdc.wro.model.factory.testxmlmodelfactory.testtwoconcurrentcreationcalls,True,True
381,5,wro4j,DefaultUriLocatorFactory,ro.isdc.wro.model.resource.locator.factory.testdefaulturilocatorfactory.shouldhaveseveraldefaultlocators,False,True
393,5,wro4j,UrlUriLocator,ro.isdc.wro.model.resource.locator.testurlurilocator.shouldlocatewildcard3resources,False,True
407,5,wro4j,ImportAwareProcessorDecorator,ro.isdc.wro.model.resource.processor.decorator.testimportawareprocessordecorator.initvictim,True,True
417,5,wro4j,ProcessorDecorator,ro.isdc.wro.model.resource.processor.decorator.testprocessordecorator.shoulddecoratepostprocessor,False,True
426,5,wro4j,ImageUrlRewriter,ro.isdc.wro.model.resource.processor.support.testimageurlrewriter.checkrelativewithdotsimageurlinclasspathcssresource,False,True
431,5,wro4j,CssImportPreProcessor,ro.isdc.wro.model.resource.processor.testcssimportpreprocessor.shouldfailwheninvalidresourceisfound,True,True
459,5,wro4j,ConfigurableHashStrategy,ro.isdc.wro.model.resource.support.hash.testconfigurablehashstrategy.shouldhashwithconfiguredstrategy,True,True
463,5,wro4j,ConfigurableNamingStrategy,ro.isdc.wro.model.resource.support.naming.testconfigurablenamingstrategy.shouldusenoopstrategyforvalidalias,True,True
481,5,wro4j,WroModel,ro.isdc.wro.model.testwromodel.shouldnotreturnduplicatedresources,True,True
169,5,wro4j,ServletContextPropertyWroConfigurationFactory,ro.isdc.wro.config.factory.testservletcontextpropertywroconfigurationfactory.shouldcreateconfigfromvalidlocationandoverrideaproperty,True,True
177,5,wro4j,WebjarUriLocator,ro.isdc.wro.extensions.locator.testwebjarurilocator.shouldcreatevaliduri,True,False
181,5,wro4j,GroovyModelFactory,ro.isdc.wro.extensions.model.factory.testgroovymodelfactory.createvalidmodelcontaininghiphen,False,True
192,5,wro4j,NgMinProcessor,ro.isdc.wro.extensions.processor.js.testngminprocessor.testfromfolder,True,True
197,5,wro4j,JsHint,ro.isdc.wro.extensions.processor.support.linter.testjshint.emptystringshouldbevalid,False,False
206,5,wro4j,RubySassEngine,ro.isdc.wro.extensions.processor.support.sass.testrubysassengine.shouldprocessvalidnonasciisass,True,True
213,5,wro4j,EmberJsProcessor,ro.isdc.wro.extensions.processor.testemberjsprocessor.shouldsupportcorrectresourcetypes,True,True
218,5,wro4j,HoganJsProcessor,ro.isdc.wro.extensions.processor.testhoganjsprocessor.shouldsupportcorrectresourcetypes,True,True
229,5,wro4j,PathPatternProcessorDecorator,ro.isdc.wro.extensions.processor.testpathpatternprocessordecorator.cannotincludenullprocessor,True,False
236,5,wro4j,RhinoTypeScriptProcessor,ro.isdc.wro.extensions.processor.testrhinotypescriptprocessor.shouldsupportcorrectresourcetypes,True,True
240,5,wro4j,UglifyJsProcessor,ro.isdc.wro.extensions.processor.testuglifyjsprocessor.shouldsupportcorrectresourcetypes,True,True
244,5,wro4j,ReportXmlFormatter,ro.isdc.wro.extensions.support.lint.testreportxmlformatter.cannotcreatebuilderwithnulltype,False,False
246,5,wro4j,ResourceLintReport,ro.isdc.wro.extensions.support.lint.testresourcelintreport.shouldhaveunknownpathwhennullpathisset,False,True
248,5,wro4j,DefaultProcessorProvider,ro.isdc.wro.extensions.support.testdefaultprocessorprovider.shouldprovidegoogleclosurewhitespace,False,False
249,5,wro4j,ConfigurableRequestHandlerFactory,ro.isdc.wro.http.handler.factory.testconfigurablerequesthandlerfactory.shouldreturnemptylistbydefault,True,True
253,5,wro4j,ResourceProxyRequestHandler,ro.isdc.wro.http.handler.testresourceproxyrequesthandler.cannotacceptnullrequesturitocreateproxypath,True,True
254,5,wro4j,ResourceProxyRequestHandler,ro.isdc.wro.http.handler.testresourceproxyrequesthandler.shouldalwaysbeenabled,True,True
268,5,wro4j,ServletContextAttributeHelper,ro.isdc.wro.http.support.testservletcontextattributehelper.cannotusenullfilterconfig,False,False
275,5,wro4j,WroFilter,ro.isdc.wro.http.testwrofilter.shouldnotacceptnullrequesthandlers,True,True
283,5,wro4j,WroServletContextListener,ro.isdc.wro.http.testwroservletcontextlistener.shouldnotfailwhencontextinitializedanddestroyed,True,True
295,5,wro4j,ConfigurableWroManagerFactory,ro.isdc.wro.manager.factory.testconfigurablewromanagerfactory.shoulduseextensionawareprocessorwhenprocessornamecontainsdotcharacter,False,False
308,5,wro4j,WroManager,ro.isdc.wro.manager.testwromanager.shouldclearauthorizationmanagerwhenmodelperiodchanged,True,True
311,5,wro4j,WroManager,ro.isdc.wro.manager.testwromanager.shouldnotprocessgroupwithnoresources,True,True
315,5,wro4j,WroManager,ro.isdc.wro.manager.testwromanager.testfromfolder,True,True
336,5,wro4j,JsHintMojo,ro.isdc.wro.maven.plugin.testjshintmojo.cannotgeneratereportwithinvalidformat,False,True
354,5,wro4j,DefaultWroModelFactoryDecorator,ro.isdc.wro.model.factory.testdefaultwromodelfactorydecorator.shoulddecoratecachestrategy,False,True
359,5,wro4j,XmlModelFactory,ro.isdc.wro.model.factory.testxmlmodelfactory.shoulddetectinvalidgroupreference,False,True
378,5,wro4j,ConfigurableLocatorFactory,ro.isdc.wro.model.resource.locator.factory.testconfigurablelocatorfactory.shouldnotfailwhenasingleproviderfails,False,False
411,5,wro4j,MinimizeAwareProcessorDecorator,ro.isdc.wro.model.resource.processor.decorator.testminimizeawareprocessordecorator.cannotacceptobjectwhichisnotprocessor,False,True
424,5,wro4j,DataUriGenerator,ro.isdc.wro.model.resource.processor.support.testdataurigenerator.shouldgeneratecorrectdatauriforpng,True,True
427,5,wro4j,LessCssImportInspector,ro.isdc.wro.model.resource.processor.support.testlesscssimportinspector.createcssimportinspector,True,False
432,5,wro4j,CssImportPreProcessor,ro.isdc.wro.model.resource.processor.testcssimportpreprocessor.shouldnotcomplainaboutrecursiveimportwhenrunningconcurrently,False,False
434,5,wro4j,CssUrlRewritingProcessor,ro.isdc.wro.model.resource.processor.testcssurlrewritingprocessor.createmockresource,True,True
440,5,wro4j,JSMinProcessor,ro.isdc.wro.model.resource.processor.testjsminprocessor.shouldnotremovespacebetweenplussigns,True,True
445,5,wro4j,MultiLineCommentStripperProcessor,ro.isdc.wro.model.resource.processor.testmultilinecommentstripperprocessor.testfromfolder,True,True
447,5,wro4j,SemicolonAppenderPreProcessor,ro.isdc.wro.model.resource.processor.testsemicolonappenderpreprocessor.testfromfolder,True,True
449,5,wro4j,VariablizeColorsCssProcessor,ro.isdc.wro.model.resource.processor.testvariablizecolorscssprocessor.testfromfolder,True,True
458,5,wro4j,ConfigurableHashStrategy,ro.isdc.wro.model.resource.support.hash.testconfigurablehashstrategy.cannotconfigureinvalidalias,False,True
468,5,wro4j,NamingStrategy,ro.isdc.wro.model.resource.support.naming.testnamingstrategy.cannotacceptnulloriginalname,True,True
471,5,wro4j,TimestampNamingStrategy,ro.isdc.wro.model.resource.support.naming.testtimestampnamingstrategy.testnoextension,False,False
488,5,wro4j,ProxyFactory,ro.isdc.wro.util.testproxyfactory.shouldinheritinterfacesoftheobject,False,False
153,5,wro4j,DefaultCacheKeyFactory,ro.isdc.wro.cache.factory.testdefaultcachekeyfactory.shouldcreatevalidcachekeywhenrequestcontainsallrequiredinfo,False,False
155,5,wro4j,DefaultSynchronizedCacheStrategyDecorator,ro.isdc.wro.cache.support.testdefaultsynchronizedcachestrategydecorator.shoulddestroyschedulerwhenstrategyisdestroyed,True,True
163,5,wro4j,PropertiesAndFilterConfigWroConfigurationFactory,ro.isdc.wro.config.factory.testpropertiesandfilterconfigwroconfigurationfactory.testconfigurecacheupdateperiodwithpropertiesfileset,False,False
183,5,wro4j,JsonModelFactory,ro.isdc.wro.extensions.model.factory.testjsonmodelfactory.createincompletemodel,False,False
184,5,wro4j,JsonModelFactory,ro.isdc.wro.extensions.model.factory.testjsonmodelfactory.testinvalidcontent,False,True
194,5,wro4j,CssLint,ro.isdc.wro.extensions.processor.support.csslint.testcsslint.shouldhavenoerrorwhennooptions,False,True
210,5,wro4j,CJsonProcessor,ro.isdc.wro.extensions.processor.testcjsonprocessor.shouldbethreadsafe,True,True
226,5,wro4j,NodeTypeScriptProcessor,ro.isdc.wro.extensions.processor.testnodetypescriptprocessor.testfromfolder,True,True
238,5,wro4j,RubySassCssProcessor,ro.isdc.wro.extensions.processor.testrubysasscssprocessor.shouldbethreadsafe,False,False
242,5,wro4j,YUICssCompressorProcessor,ro.isdc.wro.extensions.processor.testyuicsscompressorprocessor.shouldmininimizecss,True,True
247,5,wro4j,DefaultConfigurableProvider,ro.isdc.wro.extensions.support.spi.testdefaultconfigurableprovider.shouldhavepostprocessors,False,True
270,5,wro4j,ConfigurableWroFilter,ro.isdc.wro.http.testconfigurablewrofilter.cannotacceptinvalidprocessornameconfiguration,True,True
274,5,wro4j,WroFilter,ro.isdc.wro.http.testwrofilter.shouldchainwhenfilterisnotenabled,True,True
284,5,wro4j,LifecycleCallbackRegistry,ro.isdc.wro.manager.callback.testlifecyclecallbackregistry.shouldinvokeregisteredcallbacks,False,True
292,5,wro4j,ConfigurableWroManagerFactory,ro.isdc.wro.manager.factory.testconfigurablewromanagerfactory.cannotuseinvalidpreprocessorsset,False,True
306,5,wro4j,ReloadModelRunnable,ro.isdc.wro.manager.runnable.testreloadmodelrunnable.cannotacceptnullargument,True,True
319,5,wro4j,ConfigurableWroManagerFactory,ro.isdc.wro.maven.plugin.factory.testconfigurablewromanagerfactory.shouldusecorrectdefaultmodelfactory,True,True
335,5,wro4j,CssLintMojo,ro.isdc.wro.maven.plugin.testcsslintmojo.testerrorswithnofailfast,False,False
341,5,wro4j,JsLintMojo,ro.isdc.wro.maven.plugin.testjslintmojo.cannotgeneratereportwithinvalidformat,False,False
345,5,wro4j,Wro4jMojo,ro.isdc.wro.maven.plugin.testwro4jmojo.setwrowithinvalidresources,True,True
355,5,wro4j,ModelTransformerFactory,ro.isdc.wro.model.factory.testmodeltransformerfactory.shouldchangethemodelwhentransformersprovided,True,True
358,5,wro4j,XmlModelFactory,ro.isdc.wro.model.factory.testxmlmodelfactory.shoulddetectgroupreferencefromimportedmodel,False,True
377,5,wro4j,UriLocatorFactory,ro.isdc.wro.model.resource.factory.testurilocatorfactory.testvaliduri,False,False
382,5,wro4j,DispatcherStreamLocator,ro.isdc.wro.model.resource.locator.support.testdispatcherstreamlocator.cannotchecknullrequestasincluded,True,True
389,5,wro4j,ServletContextUriLocator,ro.isdc.wro.model.resource.locator.testservletcontexturilocator.testwildcard2resources,False,True
401,5,wro4j,JarWildcardStreamLocator,ro.isdc.wro.model.resource.locator.wildcard.testjarwildcardstreamlocator.testlocatejarstreamdelegate,True,True
403,5,wro4j,DefaultProcessorDecorator,ro.isdc.wro.model.resource.processor.decorator.testdefaultprocessordecorator.cannotdecoratenullprocessor,True,True
404,5,wro4j,ExceptionHandlingProcessorDecorator,ro.isdc.wro.model.resource.processor.decorator.testexceptionhandlingprocessordecorator.shouldthrowruntimeexceptionwhenprocessingfails,False,False
414,5,wro4j,ProcessorDecorator,ro.isdc.wro.model.resource.processor.decorator.testprocessordecorator.shouldchangeminimizaflagwheninternalmethodisoverriden,False,True
420,5,wro4j,ConfigurableProcessorsFactory,ro.isdc.wro.model.resource.processor.factory.testconfigurableprocessorsfactory.testgetvalidpreprocessorset,False,False
428,5,wro4j,ConformColorsCssProcessor,ro.isdc.wro.model.resource.processor.testconformcolorscssprocessor.testfromfolder,True,True
429,5,wro4j,ConsoleStripperProcessor,ro.isdc.wro.model.resource.processor.testconsolestripperprocessor.testfromfolder,True,True
436,5,wro4j,CssUrlRewritingProcessor,ro.isdc.wro.model.resource.processor.testcssurlrewritingprocessor.processurlresourcetype,False,True
442,5,wro4j,LessCssImportPreProcessor,ro.isdc.wro.model.resource.processor.testlesscssimportpreprocessor.shouldsupportcorrectresourcetypes,True,True
475,5,wro4j,Resource,ro.isdc.wro.model.resource.testresource.shouldcreateresource,False,False
151,5,wro4j,CacheKeyFactoryDecorator,ro.isdc.wro.cache.factory.testcachekeyfactorydecorator.cannotdecoratenullobject,False,False
156,5,wro4j,DefaultSynchronizedCacheStrategyDecorator,ro.isdc.wro.cache.support.testdefaultsynchronizedcachestrategydecorator.shouldnotredundantlydecoratecachestrategy,True,True
166,5,wro4j,PropertyWroConfigurationFactory,ro.isdc.wro.config.factory.testpropertywroconfigurationfactory.createdefaultconfig,True,True
175,5,wro4j,WebjarsUriLocator,ro.isdc.wro.extensions.locator.testwebjarsurilocator.shouldlocatewebjarresourcecontainingquestionmarkinuri,True,False
189,5,wro4j,NgAnnotateProcessor,ro.isdc.wro.extensions.processor.js.testngannotateprocessor.shouldprocessinvalidjsunchanged,True,True
193,5,wro4j,CssLint,ro.isdc.wro.extensions.processor.support.csslint.testcsslint.processsamplecontentwithmanyoptions,True,False
216,5,wro4j,GoogleClosureCompressorProcessor,ro.isdc.wro.extensions.processor.testgoogleclosurecompressorprocessor.testadvancedoptimization,True,False
223,5,wro4j,NodeCoffeeScriptProcessor,ro.isdc.wro.extensions.processor.testnodecoffeescriptprocessor.shouldbethreadsafe,False,False
257,5,wro4j,ResourceWatcherRequestHandler,ro.isdc.wro.http.handler.testresourcewatcherrequesthandler.shouldnotacceptrequestthatisnotdispatchedbyserver,True,True
262,5,wro4j,ContentTypeResolver,ro.isdc.wro.http.support.testcontenttyperesolver.shouldresolveunknownextenstion,False,False
265,5,wro4j,ResponseHeadersConfigurer,ro.isdc.wro.http.support.testresponseheadersconfigurer.shouldhavenoconfiguredheaderswhendefaultheadersarenotset,False,True
281,5,wro4j,WroFilter,ro.isdc.wro.http.testwrofilter.testreloadcachecall,True,True
294,5,wro4j,ConfigurableWroManagerFactory,ro.isdc.wro.manager.factory.testconfigurablewromanagerfactory.shouldhavenolocatorswhennolocatorsinitparamset,True,True
309,5,wro4j,WroManager,ro.isdc.wro.manager.testwromanager.shoulddestroydestroyableprocessorwhenmanagerisdestroyed,True,True
334,5,wro4j,CssLintMojo,ro.isdc.wro.maven.plugin.testcsslintmojo.shouldnotfailwhenthresholdisgreaterthannumberoferrors,False,True
346,5,wro4j,Wro4jMojo,ro.isdc.wro.maven.plugin.testwro4jmojo.setwrowithvalidresources,True,False
347,5,wro4j,Wro4jMojo,ro.isdc.wro.maven.plugin.testwro4jmojo.shoulddetectincrementalchange,True,True
349,5,wro4j,Wro4jMojo,ro.isdc.wro.maven.plugin.testwro4jmojo.shouldreusegroupnamemappingfilewithincrementalbuild,True,True
360,5,wro4j,XmlModelFactory,ro.isdc.wro.model.factory.testxmlmodelfactory.testdeeprecursiveimports,True,False
366,5,wro4j,Injector,ro.isdc.wro.model.group.processor.testinjector.shouldnotinjectunsupportedandinitializedtypes,True,True
371,5,wro4j,PreProcessorExecutor,ro.isdc.wro.model.group.processor.testpreprocessorexecutor.processemptylist,True,True
385,5,wro4j,DispatcherStreamLocator,ro.isdc.wro.model.resource.locator.support.testdispatcherstreamlocator.testdispatchincludehasnovalidresource,False,True
390,5,wro4j,StandaloneServletContextUriLocator,ro.isdc.wro.model.resource.locator.teststandaloneservletcontexturilocator.shouldfailwhenstandalonecontextisnotinitialized,False,True
399,5,wro4j,JarWildcardStreamLocator,ro.isdc.wro.model.resource.locator.wildcard.testjarwildcardstreamlocator.shouldfindallchildfoldersandfiles,True,True
402,5,wro4j,CopyrightKeeperProcessorDecorator,ro.isdc.wro.model.resource.processor.decorator.testcopyrightkeeperprocessordecorator.testcopyrightstripperprocessor,False,False
405,5,wro4j,ExtensionsAwareProcessorDecorator,ro.isdc.wro.model.resource.processor.decorator.testextensionsawareprocessordecorator.testminimizeawaredecorator2,True,False
423,5,wro4j,DataUriGenerator,ro.isdc.wro.model.resource.processor.support.testdataurigenerator.shouldgeneratecorrectdatauriforcsswithcharset,True,True
438,5,wro4j,CssVariablesProcessor,ro.isdc.wro.model.resource.processor.testcssvariablesprocessor.shouldsupportcorrectresourcetypes,True,True
444,5,wro4j,MultiLineCommentStripperProcessor,ro.isdc.wro.model.resource.processor.testmultilinecommentstripperprocessor.shouldsupportcorrectresourcetypes,True,True
448,5,wro4j,SingleLineCommentStripperProcessor,ro.isdc.wro.model.resource.processor.testsinglelinecommentstripperprocessor.shouldsupportcorrectresourcetypes,True,True
460,5,wro4j,ConfigurableHashStrategy,ro.isdc.wro.model.resource.support.hash.testconfigurablehashstrategy.shouldusecrc32strategyforvalidalias,True,True
467,5,wro4j,FolderHashEncoderNamingStrategy,ro.isdc.wro.model.resource.support.naming.testfolderhashencodernamingstrategy.shouldrenameresourcewithemptycontent,True,False
473,5,wro4j,DefaultResourceAuthorizationManager,ro.isdc.wro.model.resource.support.testdefaultresourceauthorizationmanager.shouldauthorizeaddedresource,False,False
474,5,wro4j,Resource,ro.isdc.wro.model.resource.testresource.shouldallowsettingresourcetypeanduri,False,False
478,5,wro4j,WroModel,ro.isdc.wro.model.testwromodel.cannotsetnullgroups,True,True
484,5,wro4j,WroRuntimeException,ro.isdc.wro.testwroruntimeexception.shouldpreserveoriginalexceptionmessagewhenwrap,True,True
493,5,wro4j,WroUtil,ro.isdc.wro.util.testwroutil.computeservletpathfromlocation,False,True
158,5,wro4j,CacheValue,ro.isdc.wro.cache.testcachevalue.bydefaultcachegzippedcontentshouldbedisabled,False,False
160,5,wro4j,FilterConfigWroConfigurationFactory,ro.isdc.wro.config.factory.testfilterconfigwroconfigurationfactory.testconfigurecacheupdateperiod,False,False
164,5,wro4j,PropertiesAndFilterConfigWroConfigurationFactory,ro.isdc.wro.config.factory.testpropertiesandfilterconfigwroconfigurationfactory.testconfiguredebugwithpropertiesfileset,False,True
176,5,wro4j,WebjarsUriLocator,ro.isdc.wro.extensions.locator.testwebjarsurilocator.shouldnotfailwhenthereisawebjarresourceoutsideofjar,True,True
186,5,wro4j,LessCssProcessor,ro.isdc.wro.extensions.processor.css.testlesscssprocessor.shouldsupportcorrectresourcetypes,True,True
195,5,wro4j,CssLint,ro.isdc.wro.extensions.processor.support.csslint.testcsslint.testregexselectors,False,True
201,5,wro4j,JsLint,ro.isdc.wro.extensions.processor.support.linter.testjslint.testvalidscript,False,True
230,5,wro4j,PathPatternProcessorDecorator,ro.isdc.wro.extensions.processor.testpathpatternprocessordecorator.cannotprocesswithincludewhenresourceisunknown,True,False
234,5,wro4j,RhinoLessCssProcessor,ro.isdc.wro.extensions.processor.testrhinolesscssprocessor.shouldsupportcorrectresourcetypes,True,False
258,5,wro4j,ContentTypeResolver,ro.isdc.wro.http.support.testcontenttyperesolver.shouldonlyuselastdot,False,False
261,5,wro4j,ContentTypeResolver,ro.isdc.wro.http.support.testcontenttyperesolver.shouldresolvejsextenstion,False,True
272,5,wro4j,ConfigurableWroFilter,ro.isdc.wro.http.testconfigurablewrofilter.shouldusedefaultencodingwhennoencodingisset,False,False
297,5,wro4j,ConfigurableWroManagerFactory,ro.isdc.wro.manager.factory.testconfigurablewromanagerfactory.testwithemptypreprocessors,False,True
302,5,wro4j,DefaultWroManagerFactory,ro.isdc.wro.manager.factory.testdefaultwromanagerfactory.shouldcreateoverridenmanagerfactorywhenmanagerclasspropertyismissing,False,True
313,5,wro4j,WroManager,ro.isdc.wro.manager.testwromanager.testaggregatedcomputedfolder2,True,True
317,5,wro4j,AbstractLinterMojo,ro.isdc.wro.maven.plugin.abstracttestlintermojo.shouldusetaskexecutorwhenrunninginparallel,True,False
323,5,wro4j,AggregatedFolderPathResolver,ro.isdc.wro.maven.plugin.support.testaggregatedfolderpathresolver.shouldresolveemptypathwhendestinationfolderisthesameasbuilddirectory,False,False
327,5,wro4j,ProgressIndicator,ro.isdc.wro.maven.plugin.support.testprogressindicator.shouldcomputecorrecttotalresources,True,True
329,5,wro4j,CssLintMojo,ro.isdc.wro.maven.plugin.testcsslintmojo.cannotexecutewheninvalidresourcespresentanddonotignoremissingresources,False,True
333,5,wro4j,CssLintMojo,ro.isdc.wro.maven.plugin.testcsslintmojo.shouldgeneratexmlreportfilewithdefaultformat,True,False
357,5,wro4j,XmlModelFactory,ro.isdc.wro.model.factory.testxmlmodelfactory.recursivegroupthrowsexception,False,False
368,5,wro4j,InjectorBuilder,ro.isdc.wro.model.group.processor.testinjectorbuilder.shouldbuildvalidinjectorwithbasewromanagerfactory,True,False
374,5,wro4j,DefaultGroupExtractor,ro.isdc.wro.model.group.testdefaultgroupextractor.testminimizedwithtrueparam,False,False
375,5,wro4j,Group,ro.isdc.wro.model.group.testgroup.shouldreplacearesourcewithsameresource,False,True
379,5,wro4j,ConfigurableLocatorFactory,ro.isdc.wro.model.resource.locator.factory.testconfigurablelocatorfactory.shouldoverrideavailablelocator,False,True
383,5,wro4j,DispatcherStreamLocator,ro.isdc.wro.model.resource.locator.support.testdispatcherstreamlocator.cannotlocateinvalidlocation,False,False
394,5,wro4j,UrlUriLocator,ro.isdc.wro.model.resource.locator.testurlurilocator.testwildcardusinginvalidresource,False,True
397,5,wro4j,DefaultWildcardStreamLocator,ro.isdc.wro.model.resource.locator.wildcard.testdefaultwildcardstreamlocator.testwildcardpresent1,False,True
406,5,wro4j,ImportAwareProcessorDecorator,ro.isdc.wro.model.resource.processor.decorator.testimportawareprocessordecorator.cannotacceptobjectwhichisnotprocessor,False,True
412,5,wro4j,MinimizeAwareProcessorDecorator,ro.isdc.wro.model.resource.processor.decorator.testminimizeawareprocessordecorator.shouldinvokepreprocessor,False,True
416,5,wro4j,ProcessorDecorator,ro.isdc.wro.model.resource.processor.decorator.testprocessordecorator.shouldcreatehelperwithpreprocessor,False,False
441,5,wro4j,JSMinProcessor,ro.isdc.wro.model.resource.processor.testjsminprocessor.shouldremovebyteordermark,True,True
450,5,wro4j,ResourceChangeDetector,ro.isdc.wro.model.resource.support.change.testresourcechangedetector.cannotcheckinvaliduriforchange,False,True
451,5,wro4j,ResourceChangeInfo,ro.isdc.wro.model.resource.support.change.testresourcechangeinfo.cannotifcheckrequiredfornullgroup,False,False
464,5,wro4j,DefaultHashEncoderNamingStrategy,ro.isdc.wro.model.resource.support.naming.testdefaulthashencodernamingstrategy.cannotacceptnullstream,True,True
485,5,wro4j,TaskExecutor,ro.isdc.wro.util.concurrent.testtaskexecutor.cannotsubmitnullcallables,True,True
191,5,wro4j,NgMinProcessor,ro.isdc.wro.extensions.processor.js.testngminprocessor.shouldprocessinvalidjsunchanged,True,True
196,5,wro4j,CssLint,ro.isdc.wro.extensions.processor.support.csslint.testcsslint.testwithseveraloptions,False,True
263,5,wro4j,RedirectedStreamServletResponseWrapper,ro.isdc.wro.http.support.testredirectedstreamservletresponsewrapper.cannotacceptnullstream,True,False
285,5,wro4j,DefaultStandaloneContextAwareManagerFactory,ro.isdc.wro.manager.factory.standalone.testdefaultstandalonecontextawaremanagerfactory.cannotinitializewithnullcontext,True,True
314,5,wro4j,WroManager,ro.isdc.wro.manager.testwromanager.testduplicatedresourcesshouldbeskipped,True,True
316,5,wro4j,WroManager,ro.isdc.wro.manager.testwromanager.testminimizeattributeistrueonresource,True,False
339,5,wro4j,JsHintMojo,ro.isdc.wro.maven.plugin.testjshintmojo.shouldreportonlyfirsterrorwhenfailfastistrue,False,True
352,5,wro4j,Wro4jMojo,ro.isdc.wro.maven.plugin.testwro4jmojo.testnodestinationfolderset,True,True
364,5,wro4j,Injector,ro.isdc.wro.model.group.processor.testinjector.caninjectoutsideofcontext,True,True
367,5,wro4j,InjectorBuilder,ro.isdc.wro.model.group.processor.testinjectorbuilder.cannotacceptwhensettingnullwromanager,True,True
370,5,wro4j,InjectorBuilder,ro.isdc.wro.model.group.processor.testinjectorbuilder.shouldinjecteachlocatorprovidedbylocatorfactory,True,True
372,5,wro4j,DefaultGroupExtractor,ro.isdc.wro.model.group.testdefaultgroupextractor.testminimizedwithfalseparam,False,True
384,5,wro4j,DispatcherStreamLocator,ro.isdc.wro.model.resource.locator.support.testdispatcherstreamlocator.shouldreturnsresourceincludedbydispatcher,False,False
386,5,wro4j,ClasspathUriLocator,ro.isdc.wro.model.resource.locator.testclasspathurilocator.resourceunavailable,False,True
388,5,wro4j,ServletContextUriLocator,ro.isdc.wro.model.resource.locator.testservletcontexturilocator.shouldfindwildcardresourcesforfoldercontainingspaces,True,True
395,5,wro4j,DefaultWildcardStreamLocator,ro.isdc.wro.model.resource.locator.wildcard.testdefaultwildcardstreamlocator.testnowildcardpresent2,False,False
413,5,wro4j,MinimizeAwareProcessorDecorator,ro.isdc.wro.model.resource.processor.decorator.testminimizeawareprocessordecorator.shouldleavecontentunchangedwhenprocessorisskipped,False,True
433,5,wro4j,CssMinProcessor,ro.isdc.wro.model.resource.processor.testcssminprocessor.shouldhandlewrongcss,False,False
454,5,wro4j,ResourceChangeInfo,ro.isdc.wro.model.resource.support.change.testresourcechangeinfo.shouldrequirechangebydefault,False,True
455,5,wro4j,ResourceWatcher,ro.isdc.wro.model.resource.support.change.testresourcewatcher.cannotchecknullcacheentry,True,True
465,5,wro4j,DefaultHashEncoderNamingStrategy,ro.isdc.wro.model.resource.support.naming.testdefaulthashencodernamingstrategy.shouldrenameresourcecontainedinafolder,True,True
466,5,wro4j,DefaultHashEncoderNamingStrategy,ro.isdc.wro.model.resource.support.naming.testdefaulthashencodernamingstrategy.shouldrenameresourcewithsomecontent,True,True
162,5,wro4j,PropertiesAndFilterConfigWroConfigurationFactory,ro.isdc.wro.config.factory.testpropertiesandfilterconfigwroconfigurationfactory.shouldbuildconfigurationevenwhendefaultpropertiesfileisnotavailable,False,True
179,5,wro4j,BaseWroManagerFactory,ro.isdc.wro.extensions.manager.factory.testbasewromanagerfactory.shouldnotfailwhendestroyinguninitializedfactory,True,True
182,5,wro4j,GroovyModelFactory,ro.isdc.wro.extensions.model.factory.testgroovymodelfactory.testrecursivegroupreference,False,False
200,5,wro4j,JsHint,ro.isdc.wro.extensions.processor.support.linter.testjshint.testsetnulloptions,False,True
211,5,wro4j,CssLintProcessor,ro.isdc.wro.extensions.processor.testcsslintprocessor.shouldsupportcorrectresourcetypes,True,True
217,5,wro4j,HoganJsProcessor,ro.isdc.wro.extensions.processor.testhoganjsprocessor.shouldbethreadsafe,False,False
227,5,wro4j,PackerJsProcessor,ro.isdc.wro.extensions.processor.testpackerjsprocessor.testfromfolder,True,False
228,5,wro4j,PathPatternProcessorDecorator,ro.isdc.wro.extensions.processor.testpathpatternprocessordecorator.cannotexclusdenullpatterns,True,False
232,5,wro4j,PathPatternProcessorDecorator,ro.isdc.wro.extensions.processor.testpathpatternprocessordecorator.shouldnotapplypatternswhenincludematches,True,True
277,5,wro4j,WroFilter,ro.isdc.wro.http.testwrofilter.testdisablecacheinitparamindeploymentmode,True,True
288,5,wro4j,BaseWroManagerFactory,ro.isdc.wro.manager.factory.testbasewromanagerfactory.shouldcreatemanager,True,True
293,5,wro4j,ConfigurableWroManagerFactory,ro.isdc.wro.manager.factory.testconfigurablewromanagerfactory.cannotuseinvalidurilocatorsset,True,True
312,5,wro4j,WroManager,ro.isdc.wro.manager.testwromanager.shouldregistercallback,True,True
324,5,wro4j,BuildContextHolder,ro.isdc.wro.maven.plugin.support.testbuildcontextholder.initvictimwithbuildcontext,True,True
328,5,wro4j,ResourceChangeHandler,ro.isdc.wro.maven.plugin.support.testresourcechangehandler.shouldconsiderinvalidresourceasunchanged,True,True
342,5,wro4j,JsLintMojo,ro.isdc.wro.maven.plugin.testjslintmojo.shouldgeneratereportwithdefaultformat,True,True
344,5,wro4j,Wro4jMojo,ro.isdc.wro.maven.plugin.testwro4jmojo.configuremojoformodelwithimportedcssresource,True,True
350,5,wro4j,Wro4jMojo,ro.isdc.wro.maven.plugin.testwro4jmojo.shouldusemultiplecontextfolders,True,True
356,5,wro4j,XmlModelFactory,ro.isdc.wro.model.factory.testxmlmodelfactory.cannotcreatefromxmlwithinvalidnamespace,True,False
361,5,wro4j,XmlModelFactory,ro.isdc.wro.model.factory.testxmlmodelfactory.testinvalidimports,True,True
409,5,wro4j,ImportAwareProcessorDecorator,ro.isdc.wro.model.resource.processor.decorator.testimportawareprocessordecorator.shouldleavecontentunchangedwhenprocessorisskipped,False,True
418,5,wro4j,SupportAwareProcessorDecorator,ro.isdc.wro.model.resource.processor.decorator.testsupportawareprocessordecorator.cannotdecoratenullprocessor,True,True
422,5,wro4j,CssUrlInspector,ro.isdc.wro.model.resource.processor.support.testcssurlinspector.compareresultsfromfolderusingprocessor,True,True
435,5,wro4j,CssUrlRewritingProcessor,ro.isdc.wro.model.resource.processor.testcssurlrewritingprocessor.processservletcontextresourcetype,False,True
462,5,wro4j,ConfigurableNamingStrategy,ro.isdc.wro.model.resource.support.naming.testconfigurablenamingstrategy.shouldusenoopnamingstrategybydefault,True,False
470,5,wro4j,NamingStrategy,ro.isdc.wro.model.resource.support.naming.testnamingstrategy.testwithextension,False,False
477,5,wro4j,Resource,ro.isdc.wro.model.resource.testresource.shouldsetminimizeflag,False,False
480,5,wro4j,WroModel,ro.isdc.wro.model.testwromodel.shouldmergenotemptymodel,True,True
492,5,wro4j,WroUtil,ro.isdc.wro.util.testwroutil.computepathfromsomelocation,False,True
159,5,wro4j,FilterConfigWroConfigurationFactory,ro.isdc.wro.config.factory.testfilterconfigwroconfigurationfactory.testconfigurationtypebackwardcompatibility,False,True
185,5,wro4j,SmartWroModelFactory,ro.isdc.wro.extensions.model.factory.testsmartwromodelfactory.nofactoryprovided,False,True
190,5,wro4j,NgAnnotateProcessor,ro.isdc.wro.extensions.processor.js.testngannotateprocessor.testfromfolder,True,True
203,5,wro4j,OptionsBuilder,ro.isdc.wro.extensions.processor.support.linter.testoptionsbuilder.splitingoneoption,False,True
208,5,wro4j,ObjectPoolHelper,ro.isdc.wro.extensions.processor.support.testobjectpoolhelper.cannotacceptnullargument,True,True
222,5,wro4j,Less4jProcessor,ro.isdc.wro.extensions.processor.testless4jprocessor.shouldsupportcorrectresourcetypes,True,True
235,5,wro4j,RhinoLiterateCoffeeScriptProcessor,ro.isdc.wro.extensions.processor.testrhinoliteratecoffeescriptprocessor.shouldsupportcorrectresourcetypes,True,True
237,5,wro4j,RubySassCssProcessor,ro.isdc.wro.extensions.processor.testrubysasscssprocessor.executemultipletimesdoesntthrowoutofmemoryexception,True,False
239,5,wro4j,RubySassCssProcessor,ro.isdc.wro.extensions.processor.testrubysasscssprocessor.shouldbethreadsafewheninitializingprocessor,False,False
260,5,wro4j,ContentTypeResolver,ro.isdc.wro.http.support.testcontenttyperesolver.shouldresolvehtmluppercaseextenstion,False,False
278,5,wro4j,WroFilter,ro.isdc.wro.http.testwrofilter.testdofilterindeploymentmode,False,True
280,5,wro4j,WroFilter,ro.isdc.wro.http.testwrofilter.testinvalidheaderparamisset,True,True
289,5,wro4j,BaseWroManagerFactory,ro.isdc.wro.manager.factory.testbasewromanagerfactory.shouldnotfailwhenreloadingmodeloutsideofcontext,True,True
298,5,wro4j,DefaultWroManagerFactory,ro.isdc.wro.manager.factory.testdefaultwromanagerfactory.cannotacceptnullconfiguration,True,False
299,5,wro4j,DefaultWroManagerFactory,ro.isdc.wro.manager.factory.testdefaultwromanagerfactory.cannotacceptnullproperty,True,True
307,5,wro4j,ReloadModelRunnable,ro.isdc.wro.manager.runnable.testreloadmodelrunnable.shoulddestroymodelwheninvokingrun,True,False
322,5,wro4j,AggregatedFolderPathResolver,ro.isdc.wro.maven.plugin.support.testaggregatedfolderpathresolver.shouldbenullwhendestinationfolderisunrelatedtobuilddirectory,False,False
330,5,wro4j,CssLintMojo,ro.isdc.wro.maven.plugin.testcsslintmojo.shouldanalyzeinvalidresources,False,False
338,5,wro4j,JsHintMojo,ro.isdc.wro.maven.plugin.testjshintmojo.shouldgeneratereportwithdefaultformat,True,True
340,5,wro4j,JsHintMojo,ro.isdc.wro.maven.plugin.testjshintmojo.usepredefoptions,False,True
365,5,wro4j,Injector,ro.isdc.wro.model.group.processor.testinjector.cannotinjectunsupportedinnerobject,False,True
373,5,wro4j,DefaultGroupExtractor,ro.isdc.wro.model.group.testdefaultgroupextractor.testminimizedwithfalseparamindeploymentmode,False,True
391,5,wro4j,StandaloneServletContextUriLocator,ro.isdc.wro.model.resource.locator.teststandaloneservletcontexturilocator.shouldlocatevalidresourcewhenmultiplecontextfoldersprovided,False,True
396,5,wro4j,DefaultWildcardStreamLocator,ro.isdc.wro.model.resource.locator.wildcard.testdefaultwildcardstreamlocator.testwildcardlocator,False,True
400,5,wro4j,JarWildcardStreamLocator,ro.isdc.wro.model.resource.locator.wildcard.testjarwildcardstreamlocator.shouldgetjarfilefromfile,True,True
408,5,wro4j,ImportAwareProcessorDecorator,ro.isdc.wro.model.resource.processor.decorator.testimportawareprocessordecorator.shouldinvokeimportawareprocessor,False,True
415,5,wro4j,ProcessorDecorator,ro.isdc.wro.model.resource.processor.decorator.testprocessordecorator.shouldcomputeeligibilityforprocessorwithjstype,False,False
419,5,wro4j,SupportAwareProcessorDecorator,ro.isdc.wro.model.resource.processor.decorator.testsupportawareprocessordecorator.shouldthrowexceptionwhenprocessorisnotsupported,True,True
425,5,wro4j,ImageUrlRewriter,ro.isdc.wro.model.resource.processor.support.testimageurlrewriter.checkcontextrelativeurlinclasspathcssresource,False,False
453,5,wro4j,ResourceChangeInfo,ro.isdc.wro.model.resource.support.change.testresourcechangeinfo.shoulddetectchangebydefault,False,False
479,5,wro4j,WroModel,ro.isdc.wro.model.testwromodel.shouldhavecorrectnumberofgrops,True,True
487,5,wro4j,ProviderFinder,ro.isdc.wro.util.provider.testproviderfinder.shouldnotfindproviderwhennoneisavailable,False,False
491,5,wro4j,WroUtil,ro.isdc.wro.util.testwroutil.computepathfromlocationwithdifferentcontextroot,False,True
161,5,wro4j,FilterConfigWroConfigurationFactory,ro.isdc.wro.config.factory.testfilterconfigwroconfigurationfactory.testconfiguredebug,False,True
165,5,wro4j,PropertyWroConfigurationFactory,ro.isdc.wro.config.factory.testpropertywroconfigurationfactory.cannotacceptinvalidlong,False,False
168,5,wro4j,ServletContextPropertyWroConfigurationFactory,ro.isdc.wro.config.factory.testservletcontextpropertywroconfigurationfactory.shouldbuilddefaultconfigurationwhenconfigstreamisnull,False,True
171,5,wro4j,ContextPropagatingCallable,ro.isdc.wro.config.support.testcontextpropagatingcallable.shouldfailwhennocontextisavailable,False,True
178,5,wro4j,BaseWroManagerFactory,ro.isdc.wro.extensions.manager.factory.testbasewromanagerfactory.defaultmodelfactoryisxml,True,True
187,5,wro4j,LessCssProcessor,ro.isdc.wro.extensions.processor.css.testlesscssprocessor.shouldusefallbackprocessorwhennodenotsupported,True,True
212,5,wro4j,CssLintProcessor,ro.isdc.wro.extensions.processor.testcsslintprocessor.testfromfolder,True,True
224,5,wro4j,NodeLiterateCoffeeScriptProcessor,ro.isdc.wro.extensions.processor.testnodeliteratecoffeescriptprocessor.shouldsupportcorrectresourcetypes,True,False
241,5,wro4j,UglifyJsProcessor,ro.isdc.wro.extensions.processor.testuglifyjsprocessor.shoulduglifyfiles,True,True
245,5,wro4j,ResourceLintReport,ro.isdc.wro.extensions.support.lint.testresourcelintreport.shouldhaveconfiguredlints,False,False
250,5,wro4j,DefaultRequestHandlerProvider,ro.isdc.wro.http.handler.spi.testdefaultrequesthandlerprovider.shouldnotfailwheneachhandlerisinvoked,True,True
259,5,wro4j,ContentTypeResolver,ro.isdc.wro.http.support.testcontenttyperesolver.shouldresolvefontextensionttf,False,True
264,5,wro4j,RedirectedStreamServletResponseWrapper,ro.isdc.wro.http.support.testredirectedstreamservletresponsewrapper.shouldredirectstreamwhensendredirectisinvoked,False,True
267,5,wro4j,ServletContextAttributeHelper,ro.isdc.wro.http.support.testservletcontextattributehelper.cannotsetobjectfornullattribute,True,False
269,5,wro4j,ServletContextAttributeHelper,ro.isdc.wro.http.support.testservletcontextattributehelper.shouldloadwromanagerfactoryfromservletcontextattribute,True,True
271,5,wro4j,ConfigurableWroFilter,ro.isdc.wro.http.testconfigurablewrofilter.shoulduseconfiguredmbeannamewhenset,False,False
273,5,wro4j,ConfigurableWroFilter,ro.isdc.wro.http.testconfigurablewrofilter.testfilterwithpropertiesset,False,True
286,5,wro4j,BaseWroManagerFactory,ro.isdc.wro.manager.factory.testbasewromanagerfactory.defaultmodelfactoryisxml,True,False
287,5,wro4j,BaseWroManagerFactory,ro.isdc.wro.manager.factory.testbasewromanagerfactory.shouldbethreadsafe,True,True
300,5,wro4j,DefaultWroManagerFactory,ro.isdc.wro.manager.factory.testdefaultwromanagerfactory.shouldcreateconfigurablemanagerfactorybydefault,False,True
303,5,wro4j,DefaultWroManagerFactory,ro.isdc.wro.manager.factory.testdefaultwromanagerfactory.shouldfailwheninvalidmodelisprovidedwhenusingconfigurablewromanagerfactory,True,False
305,5,wro4j,ReloadCacheRunnable,ro.isdc.wro.manager.runnable.testreloadcacherunnable.cannotacceptnullargument,True,True
320,5,wro4j,ConfigurableWroManagerFactory,ro.isdc.wro.maven.plugin.factory.testconfigurablewromanagerfactory.testwhenvalidpreprocessorsset,False,True
337,5,wro4j,JsHintMojo,ro.isdc.wro.maven.plugin.testjshintmojo.executeresourceswitherrors,False,False
369,5,wro4j,InjectorBuilder,ro.isdc.wro.model.group.processor.testinjectorbuilder.shouldbuildvalidinjectorwithfewfieldsset,True,True
376,5,wro4j,Group,ro.isdc.wro.model.group.testgroup.testnoresorucesoftypefound,False,False
380,5,wro4j,ConfigurableLocatorFactory,ro.isdc.wro.model.resource.locator.factory.testconfigurablelocatorfactory.shouldusedefaultlocatorwhennoneisconfigured,False,False
387,5,wro4j,ClasspathUriLocator,ro.isdc.wro.model.resource.locator.testclasspathurilocator.testwildcard1resources,False,True
392,5,wro4j,UrlUriLocator,ro.isdc.wro.model.resource.locator.testurlurilocator.cannotlocatemalformedurl,False,False
437,5,wro4j,CssUrlRewritingProcessor,ro.isdc.wro.model.resource.processor.testcssurlrewritingprocessor.processwebinfservletcontextresourcetype,False,True
439,5,wro4j,FallbackCssDataUriProcessor,ro.isdc.wro.model.resource.processor.testfallbackcssdatauriprocessor.shouldsupportonlycssresources,True,True
446,5,wro4j,PlaceholderProcessor,ro.isdc.wro.model.resource.processor.testplaceholderprocessor.testprocessor,False,False
452,5,wro4j,ResourceChangeInfo,ro.isdc.wro.model.resource.support.change.testresourcechangeinfo.cannotupdatehashfornullgroup,False,True
456,5,wro4j,ResourceWatcher,ro.isdc.wro.model.resource.support.change.testresourcewatcher.shoulddetectresourcechange,True,True
461,5,wro4j,HashStrategy,ro.isdc.wro.model.resource.support.hash.testhashstrategy.testsha1,False,False
469,5,wro4j,NamingStrategy,ro.isdc.wro.model.resource.support.naming.testnamingstrategy.cannotacceptnullstream,True,True
482,5,wro4j,WroModel,ro.isdc.wro.model.testwromodel.testgetexistinggroup,True,False
