4197,19,esper,ExprInstanceofNode,com.espertech.esper.common.internal.epl.expression.funcs.testexprinstanceofnode.testgettype,False,False
4204,19,esper,ExprPropertyExistsNode,com.espertech.esper.common.internal.epl.expression.funcs.testexprpropertyexistsnode.testvalidate,False,False
4207,19,esper,ExprBitWiseNode,com.espertech.esper.common.internal.epl.expression.ops.testexprbitwisenode.testevaluate,False,True
4214,19,esper,ExprLikeNode,com.espertech.esper.common.internal.epl.expression.ops.testexprlikenode.testtoexpressionstring,False,False
4233,19,esper,BoundingBox,com.espertech.esper.common.internal.epl.spatial.quadtree.core.testboundingbox.testcontainspoint,True,False
4240,19,esper,StreamTypeServiceImpl,com.espertech.esper.common.internal.epl.streamtype.teststreamtypeserviceimpl.testresolvebystreamandpropnameinone,False,False
4247,19,esper,ArrayMethodPropertyGetter,com.espertech.esper.common.internal.event.bean.getter.testarraymethodpropertygetter.testget,True,False
4278,19,esper,JavaClassHelper,com.espertech.esper.common.internal.util.testjavaclasshelper.testgetprimitiveclassforname,False,False
4302,19,esper,FilterParamIndexEquals,com.espertech.esper.runtime.internal.filtersvcimpl.testfilterparamindexequals.testboolean,False,True
4304,19,esper,IndexHelper,com.espertech.esper.runtime.internal.filtersvcimpl.testindexhelper.testfindparameter,False,True
4306,19,esper,SchedulingServiceImpl,com.espertech.esper.runtime.internal.schedulesvcimpl.testschedulingserviceimpl.testincorrectremove,False,False
4179,19,esper,SortedDoubleVector,com.espertech.esper.common.internal.collection.testsorteddoublevector.testadd,False,True
4181,19,esper,SuperIterator,com.espertech.esper.common.internal.collection.testsuperiterator.testflow,False,True
4188,19,esper,CountMinSketchStateHashes,com.espertech.esper.common.internal.epl.approx.countminsketch.testcountminsketchstatehashes.testspace,False,True
4191,19,esper,ExprNodeUtilityValidate,com.espertech.esper.common.internal.epl.expression.core.testexprnodeutilityvalidate.testgetvalidatedsubtree,True,False
4195,19,esper,ExprCoalesceNode,com.espertech.esper.common.internal.epl.expression.funcs.testexprcoalescenode.testgettype,False,False
4206,19,esper,ExprArrayNode,com.espertech.esper.common.internal.epl.expression.ops.testexprarraynode.testevaluate,True,False
4213,19,esper,ExprLikeNode,com.espertech.esper.common.internal.epl.expression.ops.testexprlikenode.testequals,False,False
4218,19,esper,ExprNotNode,com.espertech.esper.common.internal.epl.expression.ops.testexprnotnode.testgettype,True,False
4236,19,esper,XYPointMultiType,com.espertech.esper.common.internal.epl.spatial.quadtree.prqdrowindex.testxypointmultitype.assertvalues,True,True
4251,19,esper,PropertyListBuilderExplicit,com.espertech.esper.common.internal.event.bean.introspect.testpropertylistbuilderexplicit.testbuildproplist,False,False
4257,19,esper,PropertyParserNoDep,com.espertech.esper.common.internal.event.propertyparser.testpropertyparsernodep.testparsemapkey,True,True
4272,19,esper,IndentWriter,com.espertech.esper.common.internal.util.testindentwriter.testctor,False,False
4274,19,esper,JavaClassHelper,com.espertech.esper.common.internal.util.testjavaclasshelper.testcoerceboxed,False,False
4276,19,esper,JavaClassHelper,com.espertech.esper.common.internal.util.testjavaclasshelper.testgetcommoncoerciontype,False,True
4277,19,esper,JavaClassHelper,com.espertech.esper.common.internal.util.testjavaclasshelper.testgetparameterasstring,False,False
4281,19,esper,JavaClassHelper,com.espertech.esper.common.internal.util.testjavaclasshelper.testisjavabuiltindatatype,False,False
4293,19,esper,BaseStatisticsBean,com.espertech.esper.common.internal.view.derived.testbasestatisticsbean.teststddev_stdevpa,False,True
4297,19,esper,SortWindowIterator,com.espertech.esper.common.internal.view.sort.testsortwindowiterator.testtwobytwoentryelement,False,True
4301,19,esper,EventTypeIndex,com.espertech.esper.runtime.internal.filtersvcimpl.testeventtypeindex.testmatch,True,False
4162,19,esper,AvroSchemaUtil,com.espertech.esper.common.internal.avro.core.testavroschemautil.testassemble,False,True
4164,19,esper,InterchangeablePair,com.espertech.esper.common.internal.collection.testinterchangeablepair.testequals,True,False
4165,19,esper,InterchangeablePair,com.espertech.esper.common.internal.collection.testinterchangeablepair.testhashcode,True,False
4173,19,esper,RefCountedMap,com.espertech.esper.common.internal.collection.testrefcountedmap.testflow,False,False
4177,19,esper,SingleEventIterator,com.espertech.esper.common.internal.collection.testsingleeventiterator.testhasnext,True,False
4222,19,esper,AssemblyStrategyTreeBuilder,com.espertech.esper.common.internal.epl.join.assemble.testassemblystrategytreebuilder.testvalidbuildcartesian,False,True
4244,19,esper,BeanEventBean,com.espertech.esper.common.internal.event.bean.core.testbeaneventbean.testgetcomplexproperty,False,True
4255,19,esper,MapEventType,com.espertech.esper.common.internal.event.map.testmapeventtype.testgetsupertypes,False,False
4287,19,esper,PlaceholderParser,com.espertech.esper.common.internal.util.testplaceholderparser.testparseinvalid,True,True
4295,19,esper,PriorEventBufferSingle,com.espertech.esper.common.internal.view.prior.testprioreventbuffersingle.assertevents3and4,False,True
4300,19,esper,EPLModuleUtil,com.espertech.esper.compiler.internal.util.testeplmoduleutil.testparse,True,False
4307,19,esper,SchedulingServiceImpl,com.espertech.esper.runtime.internal.schedulesvcimpl.testschedulingserviceimpl.testtrigger,False,True
4161,19,esper,AvroEventType,com.espertech.esper.common.internal.avro.core.testavroeventtype.asserttypesboxed,True,False
4205,19,esper,ExprArrayNode,com.espertech.esper.common.internal.epl.expression.ops.testexprarraynode.testequalsnode,False,False
4238,19,esper,XYPointMultiType,com.espertech.esper.common.internal.epl.spatial.quadtree.prqdrowindex.testxypointmultitype.testinvalidmerge,True,False
4242,19,esper,ObjectArrayEventType,com.espertech.esper.common.internal.event.arr.testobjectarrayeventtype.testgetsupertypes,False,False
4243,19,esper,ObjectArrayEventType,com.espertech.esper.common.internal.event.arr.testobjectarrayeventtype.testgetunderlyingtype,False,False
4256,19,esper,PropertyParser,com.espertech.esper.common.internal.event.property.testpropertyparser.testparse,False,False
4270,19,esper,StringPatternSetUtil,com.espertech.esper.common.internal.type.teststringpatternsetutil.testcombinationregex,False,True
4288,19,esper,PlaceholderParser,com.espertech.esper.common.internal.util.testplaceholderparser.testparsevalid,True,True
4160,19,esper,TimePeriod,com.espertech.esper.common.client.util.testtimeperiod.testlargestabsolutevalue,False,False
4170,19,esper,IterablesListIterator,com.espertech.esper.common.internal.collection.testiterableslistiterator.testiterator,False,True
4183,19,esper,TimeWindowIterator,com.espertech.esper.common.internal.collection.testtimewindowiterator.testemptylist,False,True
4186,19,esper,TransformEventIterator,com.espertech.esper.common.internal.collection.testtransformeventiterator.testtwo,False,True
4189,19,esper,ExprIdentNode,com.espertech.esper.common.internal.epl.expression.core.testexpridentnode.testevaluateperformance,True,False
4198,19,esper,ExprInstanceofNode,com.espertech.esper.common.internal.epl.expression.funcs.testexprinstanceofnode.testvalidate,False,False
4203,19,esper,ExprPropertyExistsNode,com.espertech.esper.common.internal.epl.expression.funcs.testexprpropertyexistsnode.testtoexpressionstring,False,False
4208,19,esper,ExprConcatNode,com.espertech.esper.common.internal.epl.expression.ops.testexprconcatnode.testtoexpressionstring,False,False
4211,19,esper,ExprInNode,com.espertech.esper.common.internal.epl.expression.ops.testexprinnode.testequals,False,False
4228,19,esper,QueryPlanIndexBuilder,com.espertech.esper.common.internal.epl.join.queryplanbuild.testqueryplanindexbuilder.testbuildindexspec,True,False
4229,19,esper,TwoStreamQueryPlanBuilder,com.espertech.esper.common.internal.epl.join.queryplanbuild.testtwostreamqueryplanbuilder.testbuildouter,False,True
4237,19,esper,XYPointMultiType,com.espertech.esper.common.internal.epl.spatial.quadtree.prqdrowindex.testxypointmultitype.testaddsinglevalue,False,True
4253,19,esper,MapEventBean,com.espertech.esper.common.internal.event.map.testmapeventbean.testget,False,False
4254,19,esper,MapEventType,com.espertech.esper.common.internal.event.map.testmapeventtype.testgetpropertynames,False,False
4271,19,esper,CollectionUtil,com.espertech.esper.common.internal.util.testcollectionutil.testarrayexpandsingle,True,True
4286,19,esper,MethodResolver,com.espertech.esper.common.internal.util.testmethodresolver.testresolvemethodstaticonly,False,True
4294,19,esper,BaseStatisticsBean,com.espertech.esper.common.internal.view.derived.testbasestatisticsbean.testsum,False,True
4305,19,esper,SchedulingServiceImpl,com.espertech.esper.runtime.internal.schedulesvcimpl.testschedulingserviceimpl.testaddtwice,False,False
4171,19,esper,NumberAscCombinationEnumeration,com.espertech.esper.common.internal.collection.testnumberasccombinationenumeration.testnumberasccombinationenumeration,True,True
4175,19,esper,RefCountedMap,com.espertech.esper.common.internal.collection.testrefcountedmap.testreference,False,False
4180,19,esper,SortedRefCountedSet,com.espertech.esper.common.internal.collection.testsortedrefcountedset.testmaxminvalue,False,True
4182,19,esper,TimeWindow,com.espertech.esper.common.internal.collection.testtimewindow.testtimewindowperformance,True,False
4184,19,esper,TimeWindowIterator,com.espertech.esper.common.internal.collection.testtimewindowiterator.testobjectandnull,False,True
4199,19,esper,ExprMinMaxRowNode,com.espertech.esper.common.internal.epl.expression.funcs.testexprminmaxrownode.testevaluate,False,True
4200,19,esper,ExprMinMaxRowNode,com.espertech.esper.common.internal.epl.expression.funcs.testexprminmaxrownode.testtoexpressionstring,False,False
4201,19,esper,ExprPropertyExistsNode,com.espertech.esper.common.internal.epl.expression.funcs.testexprpropertyexistsnode.testequals,False,False
4220,19,esper,ExprRegexpNode,com.espertech.esper.common.internal.epl.expression.ops.testexprregexpnode.testgettype,True,False
4221,19,esper,ExprRelationalOpNode,com.espertech.esper.common.internal.epl.expression.ops.testexprrelationalopnode.testtoexpressionstring,False,False
4224,19,esper,LeafAssemblyNode,com.espertech.esper.common.internal.epl.join.assemble.testleafassemblynode.testchildresult,True,True
4241,19,esper,VersionedValueList,com.espertech.esper.common.internal.epl.variable.core.testversionedvaluelist.testflownotime,False,True
4245,19,esper,BeanEventBean,com.espertech.esper.common.internal.event.bean.core.testbeaneventbean.testgetiterablelistmapcontained,False,True
4267,19,esper,FrequencyParameter,com.espertech.esper.common.internal.type.testfrequencyparameter.testgetvalues,False,False
4269,19,esper,RangeParameter,com.espertech.esper.common.internal.type.testrangeparameter.testgetvalues,False,False
4282,19,esper,JavaClassHelper,com.espertech.esper.common.internal.util.testjavaclasshelper.testisnumeric,False,False
4299,19,esper,ASTUtil,com.espertech.esper.compiler.internal.parse.testastutil.testescapedot,False,True
4163,19,esper,HashableMultiKey,com.espertech.esper.common.internal.collection.testhashablemultikey.testwithset,True,True
4178,19,esper,SingleEventIterator,com.espertech.esper.common.internal.collection.testsingleeventiterator.testremove,True,False
4185,19,esper,TimeWindowIterator,com.espertech.esper.common.internal.collection.testtimewindowiterator.testtwoemptylist,False,True
4187,19,esper,UniformPair,com.espertech.esper.common.internal.collection.testuniformpair.testhashcode,False,False
4209,19,esper,ExprEqualsNode,com.espertech.esper.common.internal.epl.expression.ops.testexprequalsnode.testequalsnode,False,False
4215,19,esper,ExprLikeNode,com.espertech.esper.common.internal.epl.expression.ops.testexprlikenode.testvalidate,False,True
4216,19,esper,ExprMathNode,com.espertech.esper.common.internal.epl.expression.ops.testexprmathnode.testgettype,False,False
4217,19,esper,ExprMathNode,com.espertech.esper.common.internal.epl.expression.ops.testexprmathnode.testvalidate,False,False
4223,19,esper,BaseAssemblyNode,com.espertech.esper.common.internal.epl.join.assemble.testbaseassemblynode.testgetsubstreams,True,False
4225,19,esper,LeafAssemblyNode,com.espertech.esper.common.internal.epl.join.assemble.testleafassemblynode.testprocess,True,False
4232,19,esper,SingleCursorIterator,com.espertech.esper.common.internal.epl.join.rep.testsinglecursoriterator.testremove,True,True
4234,19,esper,BoundingBox,com.espertech.esper.common.internal.epl.spatial.quadtree.core.testboundingbox.testfrom,False,False
4235,19,esper,BoundingBox,com.espertech.esper.common.internal.epl.spatial.quadtree.core.testboundingbox.testtreeforpath,False,False
4248,19,esper,KeyedMethodPropertyGetter,com.espertech.esper.common.internal.event.bean.getter.testkeyedmethodpropertygetter.testget,False,False
4262,19,esper,DoubleRange,com.espertech.esper.common.internal.filterspec.testdoublerange.testnew,False,False
4264,19,esper,ScheduleComputeHelper,com.espertech.esper.common.internal.schedule.testschedulecomputehelper.testcompute,True,True
4275,19,esper,JavaClassHelper,com.espertech.esper.common.internal.util.testjavaclasshelper.testgetarraytype,False,False
4285,19,esper,MethodResolver,com.espertech.esper.common.internal.util.testmethodresolver.testresolvemethodstaticandinstance,False,True
4289,19,esper,ResourceLoader,com.espertech.esper.common.internal.util.testresourceloader.testresolveresourceasurl,False,True
4167,19,esper,IntSeqKey,com.espertech.esper.common.internal.collection.testintseqkey.testlast,True,True
4169,19,esper,IterablesArrayIterator,com.espertech.esper.common.internal.collection.testiterablesarrayiterator.testremove,False,True
4176,19,esper,RefCountedSetAtomicInteger,com.espertech.esper.common.internal.collection.testrefcountedsetatomicinteger.testflow,True,False
4192,19,esper,ExprNode,com.espertech.esper.common.internal.epl.expression.funcs.testexprcasenode.testtoexpressionstring,False,False
4193,19,esper,ExprNode,com.espertech.esper.common.internal.epl.expression.funcs.testexprcasenode.testvalidate,False,True
4194,19,esper,ExprCastNode,com.espertech.esper.common.internal.epl.expression.funcs.testexprcastnode.testtoexpressionstring,False,False
4219,19,esper,ExprOrNode,com.espertech.esper.common.internal.epl.expression.ops.testexprornode.testevaluate,False,False
4226,19,esper,RootCartProdAssemblyNode,com.espertech.esper.common.internal.epl.join.assemble.testrootcartprodassemblynode.testcomputecombined,True,False
4227,19,esper,QueryPlanBuilder,com.espertech.esper.common.internal.epl.join.queryplanbuild.testqueryplanbuilder.testgetplan,True,True
4239,19,esper,StreamTypeServiceImpl,com.espertech.esper.common.internal.epl.streamtype.teststreamtypeserviceimpl.testresolvebypropertyname,False,True
4249,19,esper,ReflectionPropFieldGetter,com.espertech.esper.common.internal.event.bean.getter.testreflectionpropfieldgetter.testgetter,False,True
4261,19,esper,DoubleRange,com.espertech.esper.common.internal.filterspec.testdoublerange.testhash,True,False
4279,19,esper,JavaClassHelper,com.espertech.esper.common.internal.util.testjavaclasshelper.testiscollectionmaporarray,False,False
4284,19,esper,LikeUtil,com.espertech.esper.common.internal.util.testlikeutil.testlike,False,False
4291,19,esper,StringValue,com.espertech.esper.common.internal.util.teststringvalue.testunescapeindexof,True,True
4292,19,esper,BaseStatisticsBean,com.espertech.esper.common.internal.view.derived.testbasestatisticsbean.testclone,False,False
4298,19,esper,SortWindowIterator,com.espertech.esper.common.internal.view.sort.testsortwindowiterator.testtwoinoneentryelement,False,True
4166,19,esper,InterchangeablePair,com.espertech.esper.common.internal.collection.testinterchangeablepair.testsetbehavior,True,True
4168,19,esper,IterablesArrayIterator,com.espertech.esper.common.internal.collection.testiterablesarrayiterator.testiterator,False,True
4172,19,esper,NumberSetPermutationEnumeration,com.espertech.esper.common.internal.collection.testnumbersetpermutationenumeration.testinvalid,True,True
4174,19,esper,RefCountedMap,com.espertech.esper.common.internal.collection.testrefcountedmap.testput,False,False
4202,19,esper,ExprPropertyExistsNode,com.espertech.esper.common.internal.epl.expression.funcs.testexprpropertyexistsnode.testevaluate,False,False
4210,19,esper,ExprEqualsNode,com.espertech.esper.common.internal.epl.expression.ops.testexprequalsnode.testvalidate,False,False
4212,19,esper,ExprInNode,com.espertech.esper.common.internal.epl.expression.ops.testexprinnode.testgettype,True,False
4231,19,esper,RepositoryImpl,com.espertech.esper.common.internal.epl.join.rep.testrepositoryimpl.testgetcursors,False,True
4252,19,esper,PropertyListBuilderExplicit,com.espertech.esper.common.internal.event.bean.introspect.testpropertylistbuilderexplicit.testinvalid,True,True
4258,19,esper,SchemaXMLEventType,com.espertech.esper.common.internal.event.xml.testschemaxmleventtype.testattrproperty,False,False
4259,19,esper,SimpleXMLEventType,com.espertech.esper.common.internal.event.xml.testsimplexmleventtype.testcustomproperty,False,False
4263,19,esper,MetricScheduleService,com.espertech.esper.common.internal.metrics.stmtmetrics.testmetricscheduleservice.testflow,True,True
4265,19,esper,DispatchService,com.espertech.esper.common.internal.statement.dispatch.testdispatchservice.testadddispatchtwice,False,False
4266,19,esper,FrequencyParameter,com.espertech.esper.common.internal.type.testfrequencyparameter.testformat,False,False
4273,19,esper,JavaClassHelper,com.espertech.esper.common.internal.util.testjavaclasshelper.testclassforname,False,False
4283,19,esper,JavaClassHelper,com.espertech.esper.common.internal.util.testjavaclasshelper.testtakefirstn,False,False
4290,19,esper,SimpleTypeCasterFactory,com.espertech.esper.common.internal.util.testsimpletypecasterfactory.testgetcaster,True,False
4303,19,esper,FilterParamIndexEquals,com.espertech.esper.runtime.internal.filtersvcimpl.testfilterparamindexequals.testlong,True,True
4190,19,esper,ExprIdentNode,com.espertech.esper.common.internal.epl.expression.core.testexpridentnode.testgettype,False,False
4196,19,esper,ExprCoalesceNode,com.espertech.esper.common.internal.epl.expression.funcs.testexprcoalescenode.testvalidate,False,False
4230,19,esper,RepositoryImpl,com.espertech.esper.common.internal.epl.join.rep.testrepositoryimpl.testaddresult,False,False
4246,19,esper,ArrayFieldPropertyGetter,com.espertech.esper.common.internal.event.bean.getter.testarrayfieldpropertygetter.testget,True,False
4250,19,esper,ReflectionPropMethodGetter,com.espertech.esper.common.internal.event.bean.getter.testreflectionpropmethodgetter.testgetter,False,True
4260,19,esper,XSDSchemaMapper,com.espertech.esper.common.internal.event.xml.testxsdschemamapper.testmap,False,True
4268,19,esper,RangeParameter,com.espertech.esper.common.internal.type.testrangeparameter.testformat,False,False
4280,19,esper,JavaClassHelper,com.espertech.esper.common.internal.util.testjavaclasshelper.testisfloatingpointnumber,True,False
4296,19,esper,SortWindowIterator,com.espertech.esper.common.internal.view.sort.testsortwindowiterator.testmixedentryelement,False,True
